event_id,timestamp,event_type,status,environment,application,region,team,duration_seconds,build_number,branch,trigger,retry_count,tests_run,tests_passed,cpu_seconds,artifact_size_mb,author,sla_met,failure_reason
37f8a88b-17fc-695a-07a0-ca6e0822e8f3,2025-01-14T13:09:41.784809,deployment,success,dev,user-service,us-east-1,backend,97,0,hotfix/critical,merge_request,0,0,0,117,0.0,carlos.lopez,1,
f362b708-c15c-71bf-e2f2-34308c072307,2024-11-21T11:16:18.102687,build,success,dev,analytics-service,sa-east-1,backend,158,1,feature/payment-fix,merge_request,0,313,298,220,304.18,maria.garcia,1,
a24eb80d-b189-e370-4d90-437bfd4f6854,2024-12-24T18:26:13.997083,build,success,production,analytics-service,sa-east-1,frontend,290,2,feature/auth-v2,webhook,0,341,313,336,133.79,carlos.lopez,1,
110edc17-9ffb-e863-e62d-3f4c09274947,2024-12-12T11:15:02.222251,build,success,dev,payment-service,ap-south-1,backend,134,3,feature/payment-fix,webhook,0,463,430,176,255.72,lucia.fernandez,1,
8c756037-22a8-ff1c-07e7-0715d7d8a6c3,2025-02-05T22:39:31.562495,build,success,staging,inventory-service,ap-south-1,platform,294,4,hotfix/critical,merge_request,0,65,60,405,262.87,maria.garcia,1,
cad08bec-f72f-cc47-f151-79064388d4eb,2024-12-19T15:59:15.485318,build,success,dev,order-service,us-east-1,frontend,584,5,feature/payment-fix,webhook,0,457,435,509,28.69,maria.garcia,0,
1b8666f7-a849-0f89-dfa4-ccb4ce8b1ad2,2025-01-06T08:01:14.273765,deployment,success,staging,order-service,eu-west-1,backend,143,6,hotfix/critical,manual,0,0,0,129,0.0,ana.martinez,1,
9a4130c7-e437-eaf0-db15-976c381b78fe,2024-11-24T00:28:08.800041,build,success,dev,inventory-service,ap-south-1,infra,583,7,main,merge_request,0,129,123,689,45.86,lucia.fernandez,0,
273fd14b-ee27-2ba5-15d2-5ff68e83a364,2025-01-01T18:40:43.358667,deployment,success,staging,notification-service,us-east-1,frontend,287,8,feature/auth-v2,webhook,0,0,0,274,0.0,david.sanchez,0,
a91fdd94-9608-509a-57a8-7375a1011f73,2024-12-09T21:59:53.122828,build,success,dev,notification-service,sa-east-1,frontend,296,9,release/2.1,webhook,0,330,329,350,587.86,elena.torres,1,
d49f93bd-69b9-06e3-cc79-8bc1fea9e9ff,2025-02-14T01:14:46.378693,deployment,success,staging,payment-service,ap-south-1,infra,234,10,feature/payment-fix,webhook,0,0,0,213,0.0,ana.martinez,0,
bf2e6b3f-5800-ca8f-ff39-cf90fa4066b0,2025-01-12T13:01:31.122586,pipeline,success,dev,payment-service,ap-south-1,platform,855,11,release/2.1,webhook,0,422,389,1229,743.98,pablo.ramos,0,
fa70c5c8-e972-970b-e055-b9fc61d11cfd,2025-02-08T05:28:06.754587,deployment,success,staging,user-service,eu-west-1,platform,294,12,feature/payment-fix,webhook,0,0,0,354,0.0,david.sanchez,0,
634d7dc9-62a5-9f95-8a63-87ba78d28658,2024-11-26T03:08:01.706798,pipeline,success,dev,analytics-service,ap-south-1,infra,201,13,hotfix/critical,webhook,0,230,228,282,738.64,carlos.lopez,1,
929e2e50-c250-dfaa-05bb-c887350c2974,2025-02-12T22:23:06.606082,build,success,dev,user-service,us-east-1,backend,490,14,hotfix/critical,webhook,0,366,338,732,518.14,david.sanchez,0,
9ab664e7-e991-c954-8446-b9e52a539dcc,2024-11-21T19:56:29.988818,build,success,dev,notification-service,sa-east-1,infra,548,15,feature/auth-v2,schedule,0,375,370,770,308.6,elena.torres,0,
9d866eb2-cdcc-0a92-7337-ee9ff77badff,2025-01-09T06:26:06.714526,deployment,failed,staging,analytics-service,ap-south-1,platform,66,16,feature/payment-fix,merge_request,0,0,0,90,0.0,lucia.fernandez,1,infra_error
ba870e1d-2842-872f-c2e3-f1a84c319359,2024-12-08T04:14:25.252413,pipeline,success,production,notification-service,eu-west-1,platform,427,17,hotfix/critical,webhook,0,474,454,610,393.12,maria.garcia,1,
3d4b3e22-0be3-7d21-63d2-5b1a276f66da,2024-12-15T16:51:44.324810,build,success,dev,api-gateway,sa-east-1,backend,538,18,feature/auth-v2,schedule,0,455,452,753,82.83,maria.garcia,0,
e4ceb979-019e-310f-a1bd-757455abe200,2025-01-01T12:05:33.302176,build,success,production,auth-service,eu-west-1,frontend,388,19,hotfix/critical,webhook,0,233,215,574,374.44,david.sanchez,0,
f60e1e25-01fd-672b-2959-c1042fe442e9,2025-02-09T12:27:41.416265,deployment,success,production,inventory-service,eu-west-1,platform,282,20,feature/auth-v2,manual,0,0,0,259,0.0,david.sanchez,0,
a0d2376a-d396-696b-12ec-ac414a700e30,2024-12-28T01:30:01.614819,deployment,success,production,inventory-service,us-east-1,backend,89,21,feature/payment-fix,merge_request,0,0,0,112,0.0,carlos.lopez,1,
064cdc2d-b8a6-5eba-32c1-29e670a6383e,2024-12-30T20:30:05.647095,build,failed,dev,auth-service,sa-east-1,platform,77,22,feature/auth-v2,merge_request,0,407,300,69,525.85,jose.rodriguez,1,config_error
7796606e-8f98-274b-e2aa-8420126df3f6,2024-12-25T07:50:48.338624,deployment,success,production,inventory-service,eu-west-1,infra,271,23,release/2.1,schedule,0,0,0,387,0.0,elena.torres,0,
ba68cc08-5d06-e09a-b6e6-b62511cabb59,2024-11-24T08:56:49.216811,build,success,dev,payment-service,sa-east-1,infra,322,24,release/2.1,webhook,0,144,137,434,111.09,pablo.ramos,1,
aec79e7e-1f7e-144b-2e5f-0f6c708088f2,2024-11-24T17:33:15.253445,build,success,production,auth-service,sa-east-1,frontend,499,25,feature/payment-fix,merge_request,0,379,349,411,149.65,jose.rodriguez,0,
a6156292-8dba-598b-2aa3-cb425c7b1a46,2025-01-23T18:00:16.643339,pipeline,failed,staging,auth-service,us-east-1,infra,233,26,release/2.1,webhook,2,185,119,257,543.38,pablo.ramos,1,dependency_fail
8f59ba55-5239-d6d5-84fa-47b3d4a31089,2025-01-18T13:57:36.645956,deployment,success,dev,order-service,eu-west-1,infra,212,27,release/2.1,merge_request,0,0,0,253,0.0,elena.torres,0,
3c10c3fb-614d-885b-ce50-a54b69183a18,2025-02-07T21:06:04.594096,deployment,success,dev,analytics-service,us-east-1,frontend,99,28,develop,manual,0,0,0,128,0.0,jose.rodriguez,1,
75055a82-d0c8-a5d3-ee57-32255d9c8760,2024-12-17T03:18:25.017102,build,cancelled,dev,payment-service,ap-south-1,backend,264,29,feature/auth-v2,webhook,0,354,61,339,29.11,maria.garcia,1,
38d4bf67-cebe-865f-b127-f40506ecd200,2024-11-24T14:36:04.667743,build,success,production,order-service,us-east-1,infra,443,30,feature/auth-v2,merge_request,0,409,399,398,193.69,ana.martinez,0,
8ec41183-5a28-ede2-6a65-66f306813a3c,2024-12-13T04:24:04.122504,build,success,staging,analytics-service,sa-east-1,infra,135,31,feature/payment-fix,merge_request,0,280,260,181,211.53,jose.rodriguez,1,
5037df31-2bbd-8cdb-722c-f4b447209e37,2025-02-03T09:00:47.389812,build,success,dev,inventory-service,us-east-1,platform,376,32,develop,manual,0,229,212,438,643.33,jose.rodriguez,0,
b85141e7-7f1c-ee9a-464a-e110404d99df,2024-12-28T13:49:30.763112,build,success,dev,notification-service,sa-east-1,frontend,544,33,hotfix/critical,merge_request,0,101,100,467,260.43,david.sanchez,0,
0f76e61f-885e-666f-ca0a-4d50552fd888,2024-12-21T08:24:07.441165,pipeline,success,dev,api-gateway,sa-east-1,infra,548,34,develop,webhook,0,300,281,554,274.38,pablo.ramos,0,
009f0016-8028-9e32-a93f-32a9a1725102,2025-01-28T22:05:20.110252,deployment,success,dev,inventory-service,us-east-1,infra,103,35,feature/auth-v2,merge_request,0,0,0,92,0.0,jose.rodriguez,1,
c5ae2d2a-6695-0d0c-a6c5-4407e29c0c8c,2025-01-30T07:16:21.059002,deployment,success,production,user-service,sa-east-1,infra,176,36,hotfix/critical,merge_request,0,0,0,221,0.0,maria.garcia,0,
b7a82a31-7db7-2440-b9cb-7073f972e65f,2024-12-01T01:55:32.994416,deployment,success,dev,inventory-service,eu-west-1,infra,298,37,develop,webhook,0,0,0,280,0.0,maria.garcia,0,
63a0b4de-0dec-7c13-9e36-8d31f034fd30,2024-12-12T10:25:13.896709,build,failed,staging,user-service,eu-west-1,platform,437,38,release/2.1,merge_request,1,331,226,466,761.8,maria.garcia,0,test_failure
36328e64-1349-2926-9a6f-bb3921da5c3e,2025-01-02T12:49:51.657477,build,success,staging,inventory-service,eu-west-1,frontend,77,39,develop,webhook,0,212,199,78,292.73,maria.garcia,1,
7b545cee-1fd0-8295-2293-5efbd77ebe9c,2024-12-01T00:35:46.017279,build,failed,staging,auth-service,ap-south-1,frontend,243,40,hotfix/critical,webhook,0,271,115,228,673.19,maria.garcia,1,dependency_fail
cfc3ed46-8f8d-17f4-4d22-ac045a54d551,2025-01-01T15:41:49.376368,pipeline,success,dev,user-service,sa-east-1,backend,170,41,hotfix/critical,webhook,0,208,192,184,781.91,ana.martinez,1,
c18fc53e-f26e-553e-8b7e-b6c72678ab38,2025-01-22T20:06:25.069992,pipeline,success,dev,inventory-service,sa-east-1,infra,797,42,feature/auth-v2,manual,0,305,301,842,605.89,pablo.ramos,0,
9604cdf9-af1f-0f3b-c6eb-436d397e4652,2024-12-05T23:06:40.780609,build,failed,dev,order-service,sa-east-1,platform,256,43,feature/payment-fix,manual,0,348,69,357,307.48,david.sanchez,1,dependency_fail
e21a194a-1a45-679e-60e0-025dd12d9b1f,2025-01-28T05:41:44.678036,deployment,success,production,auth-service,sa-east-1,infra,51,44,main,merge_request,0,0,0,70,0.0,lucia.fernandez,1,
5d1a4e0f-e548-ff6e-1f58-0b20e87f3992,2024-12-01T03:15:43.530085,deployment,success,production,api-gateway,ap-south-1,infra,188,45,feature/auth-v2,merge_request,0,0,0,266,0.0,david.sanchez,0,
23ff579d-b035-28e9-1f53-9270f3ba275b,2024-12-23T18:34:32.507408,deployment,success,production,payment-service,sa-east-1,infra,49,46,feature/auth-v2,merge_request,0,0,0,46,0.0,ana.martinez,1,
9e8ac0a4-77ba-2604-2ba9-689fdc45b198,2024-11-25T07:09:20.008115,build,success,production,api-gateway,eu-west-1,backend,126,47,develop,manual,0,157,148,107,548.26,david.sanchez,1,
8bfd99f1-1304-015f-5ea8-597445d831da,2024-12-06T07:55:40.399146,deployment,success,staging,payment-service,us-east-1,infra,226,48,feature/payment-fix,merge_request,0,0,0,222,0.0,lucia.fernandez,0,
d71f950f-9a71-92b0-3019-f95c3e615900,2024-11-25T12:24:14.572490,deployment,success,staging,notification-service,sa-east-1,backend,279,49,hotfix/critical,merge_request,0,0,0,384,0.0,pablo.ramos,0,
dcb1390c-0b23-51f3-0fe9-38ef56a3be19,2024-12-25T21:27:21.920693,build,success,staging,api-gateway,eu-west-1,backend,156,50,release/2.1,merge_request,0,479,472,197,71.66,ana.martinez,1,
adc3deba-1e7c-4eb1-e665-9a698dac3341,2025-02-08T02:39:40.962381,build,success,staging,notification-service,sa-east-1,platform,176,51,main,webhook,0,250,232,144,137.25,ana.martinez,1,
89969dec-f5c4-497c-4627-1d27d582b559,2025-01-06T05:05:27.880301,deployment,success,dev,api-gateway,sa-east-1,platform,53,52,hotfix/critical,merge_request,0,0,0,58,0.0,lucia.fernandez,1,
9bcf5f5c-8777-978a-b8dd-478691691c6e,2025-01-25T09:56:54.655337,build,success,production,user-service,us-east-1,frontend,191,53,feature/payment-fix,webhook,0,357,330,178,228.55,maria.garcia,1,
21b59358-46a4-94ef-5b6c-07da56cc21c7,2024-12-21T08:29:00.355530,pipeline,success,dev,api-gateway,sa-east-1,infra,469,54,main,merge_request,0,135,128,458,258.46,maria.garcia,1,
78b0b7d2-7019-06fe-a2fd-27c412228a2c,2024-12-05T12:12:00.639928,pipeline,success,dev,auth-service,ap-south-1,backend,172,55,release/2.1,webhook,0,58,57,181,653.9,maria.garcia,1,
c293a3eb-b472-b1ce-cea0-6ad5fac86db8,2024-12-20T01:49:11.455787,pipeline,success,dev,notification-service,us-east-1,platform,604,56,feature/auth-v2,merge_request,0,453,434,497,164.78,carlos.lopez,0,
b8e3c71f-6bf0-8d62-3310-57ca7d411fab,2024-12-24T08:35:32.510762,deployment,success,dev,user-service,ap-south-1,infra,89,57,feature/auth-v2,merge_request,0,0,0,129,0.0,carlos.lopez,1,
f273b44c-a5c2-948b-eed6-9fbba8a82a07,2024-12-01T02:38:43.127690,build,success,staging,user-service,ap-south-1,backend,418,58,feature/payment-fix,merge_request,0,322,299,411,592.0,carlos.lopez,0,
543bcd04-365e-52e7-c873-83f4b1429de1,2025-01-09T07:17:17.982355,deployment,failed,production,order-service,us-east-1,frontend,284,59,hotfix/critical,merge_request,0,0,0,409,0.0,jose.rodriguez,0,config_error
e1246f57-e28e-434c-8505-1890bf110e27,2024-12-01T08:02:58.300866,build,success,dev,payment-service,sa-east-1,infra,246,60,feature/payment-fix,webhook,0,339,327,290,582.2,elena.torres,1,
21d36294-150d-48f0-7d36-50f71e6267ca,2025-02-14T02:44:52.733686,build,success,staging,user-service,us-east-1,platform,280,61,hotfix/critical,webhook,0,385,365,394,712.87,carlos.lopez,1,
a53fa0cc-5e66-41cb-5467-820bc0e52aed,2025-02-12T09:30:55.193196,pipeline,success,staging,api-gateway,eu-west-1,frontend,458,62,main,merge_request,0,135,125,390,126.19,maria.garcia,1,
19990f5d-25c6-f5b2-e3a9-e9c2c0507cab,2025-02-05T00:41:39.538419,deployment,failed,staging,analytics-service,ap-south-1,backend,204,63,release/2.1,webhook,2,0,0,284,0.0,ana.martinez,0,test_failure
77d71548-bf1d-0ba1-3909-011db0b12550,2025-01-20T23:04:35.708294,pipeline,failed,dev,inventory-service,sa-east-1,backend,607,64,feature/auth-v2,manual,0,464,405,677,297.51,jose.rodriguez,0,infra_error
eceeafde-e822-a8ee-a8d8-437bb572109d,2024-12-10T04:24:02.718389,build,success,production,inventory-service,ap-south-1,backend,554,65,feature/auth-v2,schedule,0,328,321,673,207.59,elena.torres,0,
15aba695-30aa-97aa-1ca9-386430cfd8d2,2024-11-29T17:55:24.307708,pipeline,success,production,analytics-service,us-east-1,frontend,403,66,feature/payment-fix,webhook,0,203,190,563,169.59,carlos.lopez,1,
e3a60478-e990-d3fe-2ac6-4761aa52bb56,2024-12-13T03:53:56.708199,build,success,staging,inventory-service,ap-south-1,platform,574,67,feature/payment-fix,schedule,0,454,426,631,409.73,carlos.lopez,0,
14b3ae05-e993-3b49-83be-cab2d0cc063d,2025-02-10T02:00:20.021986,build,success,production,payment-service,sa-east-1,platform,553,68,hotfix/critical,webhook,0,328,312,457,259.68,carlos.lopez,0,
3acde9db-8f20-3821-6bf0-ed49b2aa626a,2025-01-31T10:41:17.316102,deployment,success,production,payment-service,sa-east-1,infra,248,69,feature/payment-fix,merge_request,0,0,0,307,0.0,ana.martinez,0,
43405179-77e7-b607-74bf-780dba8d8786,2024-12-31T07:29:32.826554,build,success,staging,notification-service,eu-west-1,backend,491,70,hotfix/critical,webhook,0,319,305,723,318.2,jose.rodriguez,0,
6edec6f8-4d7f-6828-480e-96bbf3bd66fd,2024-11-20T17:59:57.169777,pipeline,success,staging,notification-service,sa-east-1,backend,683,71,feature/auth-v2,webhook,0,487,450,688,109.74,maria.garcia,0,
e5d16cc3-c907-0530-d655-e05d8999da0b,2024-12-09T16:25:13.457164,deployment,success,staging,notification-service,ap-south-1,platform,69,72,develop,merge_request,0,0,0,83,0.0,lucia.fernandez,1,
8d116f51-8c07-f2ad-0fcf-0e387b9ab838,2025-02-06T15:08:55.868055,deployment,success,dev,payment-service,eu-west-1,platform,194,73,hotfix/critical,schedule,0,0,0,248,0.0,lucia.fernandez,0,
73b320fd-12bc-cb33-92a8-7fe5eef93ebc,2025-01-30T22:07:55.164474,build,success,staging,auth-service,ap-south-1,frontend,183,74,hotfix/critical,webhook,0,175,164,200,706.91,pablo.ramos,1,
20c86984-0828-48da-a7e3-edf1cf8091af,2024-12-09T14:37:20.161795,deployment,success,dev,notification-service,sa-east-1,platform,253,75,hotfix/critical,webhook,0,0,0,264,0.0,david.sanchez,0,
578f49b6-9bb1-cfb8-f7c8-196a8200c9d0,2025-01-20T23:43:17.114384,deployment,success,dev,payment-service,us-east-1,backend,54,76,feature/auth-v2,webhook,0,0,0,66,0.0,maria.garcia,1,
40cba8d2-2db1-3b3c-fd95-5a143e4a4ec1,2025-02-09T08:50:07.787751,deployment,success,staging,inventory-service,eu-west-1,infra,266,77,main,webhook,0,0,0,330,0.0,elena.torres,0,
5fe73dfb-5235-356e-b90f-c5c9404cef84,2025-01-03T08:15:56.530364,deployment,success,production,payment-service,us-east-1,frontend,281,78,main,webhook,0,0,0,268,0.0,jose.rodriguez,0,
063eee13-2164-9e45-ce39-89f96e912119,2024-11-25T20:34:15.361869,build,failed,dev,order-service,sa-east-1,frontend,595,79,feature/auth-v2,webhook,0,79,48,812,775.24,elena.torres,0,dependency_fail
f17f391c-a0d9-d4d6-b9f8-e43360e27573,2025-01-02T21:38:22.908437,build,failed,dev,payment-service,ap-south-1,frontend,435,80,feature/payment-fix,schedule,0,104,28,421,575.98,ana.martinez,0,config_error
5653d4bd-2293-202c-28df-a2980d496d4b,2024-11-22T17:06:18.344665,deployment,success,dev,notification-service,eu-west-1,backend,64,81,feature/payment-fix,merge_request,0,0,0,66,0.0,david.sanchez,1,
3aad4ea7-0490-140e-6cf2-6c8d9de32fa0,2025-02-12T11:17:10.164529,build,failed,dev,user-service,us-east-1,infra,486,82,feature/auth-v2,webhook,1,253,220,396,654.27,ana.martinez,0,config_error
a3c4008c-b571-52a6-134a-a42d0117348f,2025-02-07T00:07:31.712154,deployment,success,production,payment-service,sa-east-1,infra,137,83,feature/auth-v2,webhook,0,0,0,168,0.0,lucia.fernandez,1,
c3f09721-3347-178d-5bd3-a14024321f61,2025-01-08T12:45:55.725128,build,success,dev,order-service,sa-east-1,platform,543,84,feature/payment-fix,webhook,0,370,354,547,596.27,ana.martinez,0,
0feb15c1-f38d-41a7-61a2-168c4f603713,2024-11-22T00:17:00.380974,build,success,staging,notification-service,ap-south-1,platform,90,85,feature/auth-v2,schedule,0,166,156,130,537.69,elena.torres,1,
8e0cd071-e46a-b5ad-b68f-9c7d936d4747,2025-02-10T14:28:24.086568,deployment,success,staging,inventory-service,us-east-1,platform,59,86,develop,webhook,0,0,0,73,0.0,lucia.fernandez,1,
f0e499a9-c81e-74c8-3b67-a09590ed1b2f,2025-01-09T17:58:15.247514,build,failed,dev,payment-service,sa-east-1,infra,468,87,develop,webhook,2,107,68,596,130.99,jose.rodriguez,0,infra_error
87625223-f194-79b2-a886-a72056f367cd,2025-01-03T18:43:12.276164,deployment,success,staging,auth-service,eu-west-1,frontend,279,88,main,webhook,0,0,0,266,0.0,david.sanchez,0,
fa445256-7116-2d58-f74a-9fe6b86acd9f,2024-12-16T09:20:23.028136,build,success,dev,order-service,eu-west-1,backend,459,89,main,webhook,0,413,385,544,562.34,carlos.lopez,0,
c4c88ad5-a941-7979-b090-e5ce3f4d266e,2024-12-25T02:50:45.560729,build,failed,production,order-service,ap-south-1,infra,374,90,release/2.1,webhook,0,182,33,471,367.69,pablo.ramos,0,config_error
01b93827-37f4-b34e-492b-80c7f857baeb,2025-01-01T10:40:41.689834,build,success,staging,analytics-service,sa-east-1,backend,406,91,release/2.1,merge_request,0,430,398,586,232.2,maria.garcia,0,
99010881-3fbf-73b0-f4d6-ce7d7d93318b,2024-12-31T13:41:46.447271,deployment,failed,production,order-service,us-east-1,platform,109,92,hotfix/critical,manual,0,0,0,161,0.0,carlos.lopez,1,test_failure
d860cf35-d665-1227-9738-ae514595413e,2025-01-17T06:11:43.441400,build,success,staging,inventory-service,ap-south-1,frontend,183,93,feature/payment-fix,webhook,0,241,233,253,295.31,ana.martinez,1,
f7b1c550-e43a-3554-31e1-6758331c2f72,2025-01-08T19:32:48.234469,build,success,dev,inventory-service,ap-south-1,infra,492,94,hotfix/critical,webhook,0,73,68,600,55.66,pablo.ramos,0,
54684929-84b0-1efa-8512-8e916d5b97ba,2024-11-24T12:18:41.481519,build,success,production,api-gateway,us-east-1,backend,417,95,main,manual,0,253,249,373,425.12,david.sanchez,0,
d41db254-b2ea-7f26-144e-4b01f6393ac4,2024-12-05T09:49:19.940123,build,success,staging,order-service,us-east-1,backend,336,96,develop,webhook,0,136,128,490,577.0,pablo.ramos,0,
ea21908f-d9ec-873b-c810-90b7d385be75,2024-11-18T03:15:42.103539,build,failed,staging,inventory-service,eu-west-1,frontend,370,97,release/2.1,webhook,2,438,109,491,470.01,david.sanchez,0,dependency_fail
d6a97b90-61b9-5ec6-b4ec-64f9ffbcb46c,2025-01-26T10:38:10.147094,deployment,success,dev,analytics-service,ap-south-1,platform,72,98,hotfix/critical,merge_request,0,0,0,83,0.0,maria.garcia,1,
3d1cc92d-6941-6640-57c4-c963e652fc35,2025-01-03T13:24:46.314564,deployment,success,staging,inventory-service,ap-south-1,infra,281,99,main,schedule,0,0,0,359,0.0,maria.garcia,0,
dff79ac4-8981-c46f-9ad2-b853de51dbf3,2025-01-09T10:23:26.704644,build,success,dev,api-gateway,sa-east-1,backend,413,100,feature/auth-v2,manual,0,69,64,491,145.68,lucia.fernandez,0,
4793b8a7-1994-33ca-6eb8-1694d75a25a4,2025-02-07T13:45:41.103313,pipeline,success,dev,order-service,sa-east-1,platform,370,101,main,merge_request,0,121,116,447,611.94,pablo.ramos,1,
ed631f68-1f23-8edb-77c3-3e3109f3012b,2024-12-28T08:15:24.916045,build,success,production,user-service,ap-south-1,backend,466,102,main,merge_request,0,350,328,445,551.38,pablo.ramos,0,
b47a2db3-5141-06a6-9b8b-85210f5415ab,2025-02-04T08:13:38.218413,pipeline,success,production,order-service,us-east-1,frontend,145,103,hotfix/critical,webhook,0,341,327,200,98.81,pablo.ramos,1,
278fa576-6d29-7fe4-dc90-fc22b5001424,2024-11-30T00:00:13.256425,build,success,staging,inventory-service,ap-south-1,platform,348,104,main,webhook,0,159,158,471,336.84,maria.garcia,0,
76e0c10f-1a7e-3d8f-b7ab-3a2375c74f9a,2025-01-11T11:19:04.310005,deployment,success,production,notification-service,us-east-1,infra,274,105,develop,merge_request,0,0,0,298,0.0,lucia.fernandez,0,
9394061b-a8b2-91fd-88ad-882ad234b840,2024-12-24T07:33:48.641249,build,success,production,user-service,sa-east-1,frontend,475,106,feature/auth-v2,webhook,0,149,143,464,71.21,carlos.lopez,0,
7e263f44-301f-f6bf-18ee-0998ce365dff,2024-11-24T09:35:30.978188,deployment,success,dev,payment-service,us-east-1,infra,135,107,release/2.1,webhook,0,0,0,113,0.0,maria.garcia,1,
efe93b8c-7169-225d-d463-81c0ee2cc3ab,2025-01-31T03:25:24.113513,pipeline,success,dev,analytics-service,us-east-1,backend,609,108,develop,webhook,0,480,470,802,273.05,carlos.lopez,0,
ba0753fc-6705-296c-ce81-e11f1b6841b7,2025-01-20T14:11:56.365298,pipeline,success,production,inventory-service,eu-west-1,frontend,329,109,feature/auth-v2,schedule,0,343,318,280,396.66,david.sanchez,1,
3c546778-fa11-6b17-e7d3-bbf53efb2b02,2025-02-13T23:43:51.238002,build,failed,dev,auth-service,ap-south-1,platform,148,110,main,schedule,2,63,19,136,397.96,carlos.lopez,1,config_error
c56fccf9-34d5-53bb-e66f-dd6f98e36417,2025-02-15T09:40:26.045630,deployment,success,dev,user-service,eu-west-1,infra,207,111,feature/payment-fix,manual,0,0,0,303,0.0,david.sanchez,0,
b52ce25b-0c60-1300-b0ed-a8f8952ddcc9,2024-12-06T06:47:13.574376,pipeline,success,dev,order-service,us-east-1,infra,574,112,release/2.1,webhook,0,182,178,720,346.73,pablo.ramos,0,
16ff510d-86fa-4c6c-dfa8-6c7706084d0e,2025-01-09T06:42:50.816100,build,cancelled,production,payment-service,eu-west-1,backend,486,113,release/2.1,merge_request,0,460,79,409,772.87,lucia.fernandez,0,
03a579f5-2276-4517-27c3-659b15d3552e,2024-12-31T21:36:12.227615,pipeline,success,dev,order-service,us-east-1,infra,348,114,develop,manual,0,433,417,504,307.22,ana.martinez,1,
1c336e50-04b0-d57f-1b0d-f887bc9f511d,2025-01-12T01:08:58.020274,deployment,success,dev,analytics-service,sa-east-1,infra,163,115,feature/auth-v2,manual,0,0,0,150,0.0,carlos.lopez,1,
48151aeb-8e9d-49a4-0158-dee71d23a48e,2025-01-18T13:59:04.934590,pipeline,success,production,api-gateway,us-east-1,platform,548,116,release/2.1,manual,0,438,425,463,515.98,david.sanchez,0,
4b13e515-a433-3862-6833-c35e79d67c7c,2024-12-23T12:09:45.599984,build,success,dev,notification-service,ap-south-1,frontend,258,117,main,manual,0,244,242,275,225.94,pablo.ramos,1,
d267a93d-47d4-bf60-03b3-049b781d4830,2024-11-29T00:40:46.814450,deployment,success,dev,auth-service,ap-south-1,platform,297,118,release/2.1,schedule,0,0,0,391,0.0,jose.rodriguez,0,
79567523-9925-f9d1-131e-d8b7f625833e,2025-01-03T15:20:00.503280,build,failed,dev,api-gateway,us-east-1,frontend,551,119,hotfix/critical,merge_request,0,299,196,463,373.81,pablo.ramos,0,dependency_fail
8f969b48-e8bb-d1c9-a49d-c5c8516afe28,2024-11-22T20:00:02.626418,pipeline,success,dev,auth-service,sa-east-1,platform,631,120,release/2.1,schedule,0,280,267,691,154.83,lucia.fernandez,0,
0f9788e3-261b-84a9-56fb-25b9118e6fc7,2025-01-05T17:28:06.269060,build,success,staging,auth-service,sa-east-1,platform,351,121,develop,webhook,0,475,442,295,150.08,david.sanchez,0,
2787bf11-305d-b314-960a-337ddd191dc0,2024-11-26T13:55:23.186120,deployment,success,production,inventory-service,ap-south-1,platform,241,122,main,webhook,0,0,0,193,0.0,elena.torres,0,
afbaad35-cc49-aa4a-6abd-ee66aca83dcf,2024-11-19T12:20:30.245664,pipeline,success,production,payment-service,sa-east-1,platform,359,123,develop,merge_request,0,347,332,337,631.78,david.sanchez,1,
189b1c75-cbad-107c-7fcb-e66502a38ff4,2024-12-04T02:01:21.821197,build,success,dev,user-service,sa-east-1,platform,95,124,feature/payment-fix,merge_request,0,198,192,87,167.44,david.sanchez,1,
0ea3f577-3ee7-3396-e7ab-6326ce7707b3,2024-12-08T14:16:12.570545,deployment,failed,dev,auth-service,us-east-1,backend,87,125,release/2.1,webhook,2,0,0,106,0.0,elena.torres,1,config_error
6b72c4dc-1df7-8a25-e201-b17fd65da895,2025-01-24T02:24:30.653203,build,success,dev,notification-service,ap-south-1,frontend,254,126,develop,manual,0,361,338,271,497.12,pablo.ramos,1,
24139c74-705f-f0eb-3ab9-0f480b9661aa,2024-12-10T23:56:20.841638,build,success,staging,api-gateway,eu-west-1,frontend,413,127,release/2.1,webhook,0,474,438,468,11.47,jose.rodriguez,0,
1eb0348b-7fb3-fbaf-93ea-89784de05a77,2025-01-27T20:47:11.962711,pipeline,success,staging,notification-service,eu-west-1,platform,368,128,feature/auth-v2,webhook,0,161,158,528,21.88,carlos.lopez,1,
fa758498-3a0f-1f0e-dd39-0075eb800df3,2025-01-27T08:09:56.310609,build,success,production,payment-service,eu-west-1,backend,533,129,hotfix/critical,webhook,0,214,200,711,147.29,lucia.fernandez,0,
70c98489-0cab-9389-d7bb-9d79b30730b4,2024-12-19T17:26:33.402938,deployment,success,production,inventory-service,us-east-1,infra,245,130,feature/payment-fix,merge_request,0,0,0,294,0.0,jose.rodriguez,0,
f768418a-73a3-81dc-bcf2-d35f267485be,2024-12-17T04:06:48.406274,build,success,staging,payment-service,sa-east-1,backend,580,131,release/2.1,webhook,0,258,252,747,10.03,jose.rodriguez,0,
5457aaf9-b2f4-78e1-5285-d01daeb43c82,2025-01-29T08:51:44.291066,build,success,dev,notification-service,sa-east-1,platform,290,132,develop,webhook,0,270,262,347,305.81,david.sanchez,1,
c642118b-74e2-313a-7c33-eeb3d06559b8,2024-12-27T22:57:07.250508,deployment,success,staging,api-gateway,ap-south-1,backend,144,133,feature/auth-v2,merge_request,0,0,0,165,0.0,carlos.lopez,1,
4eb26628-798e-0b1e-5095-5ddf5b72840a,2024-11-20T16:08:59.742135,build,success,dev,inventory-service,ap-south-1,infra,454,134,hotfix/critical,webhook,0,100,92,558,33.81,pablo.ramos,0,
b1fd921f-8d7b-fe07-d0d7-5ddb1a89b2f3,2025-02-13T02:32:04.192757,build,success,staging,notification-service,sa-east-1,frontend,473,135,main,merge_request,0,428,421,651,682.1,lucia.fernandez,0,
f1241a99-38f0-8657-8db0-8f933d73ea0a,2025-02-11T09:01:22.312936,pipeline,success,production,inventory-service,sa-east-1,backend,893,136,feature/auth-v2,schedule,0,195,182,1243,757.6,pablo.ramos,0,
50022ccd-4cc1-70fb-3e51-9bc290e212fe,2025-02-07T03:14:33.953588,deployment,success,production,order-service,eu-west-1,frontend,200,137,feature/payment-fix,manual,0,0,0,190,0.0,lucia.fernandez,0,
db01f756-2ebb-a995-e504-23f71c6d22aa,2024-11-30T23:33:27.733283,build,success,staging,analytics-service,sa-east-1,platform,578,138,feature/payment-fix,webhook,0,119,110,516,524.19,maria.garcia,0,
115e538f-3f37-1400-d5c9-38a5bf6ed897,2025-01-09T06:50:03.259635,deployment,success,dev,user-service,us-east-1,platform,143,139,feature/auth-v2,manual,0,0,0,159,0.0,jose.rodriguez,1,
ef27da22-b16a-1f11-7690-baf881be59c6,2024-12-28T16:27:43.168954,deployment,success,production,inventory-service,us-east-1,platform,190,140,main,manual,0,0,0,156,0.0,lucia.fernandez,0,
a30de22b-b30b-fbaf-9655-c59e9fef5236,2024-11-27T17:09:34.305217,build,success,dev,user-service,us-east-1,infra,284,141,main,merge_request,0,54,52,241,716.85,carlos.lopez,1,
217963e3-0202-11cc-abdd-076c95eb6c90,2024-12-12T19:58:56.668918,deployment,success,production,inventory-service,ap-south-1,backend,215,142,feature/auth-v2,manual,0,0,0,299,0.0,jose.rodriguez,0,
6ffd0ae1-43cb-5de3-b575-c39ed89a2d89,2025-02-07T00:28:59.889786,pipeline,success,dev,api-gateway,eu-west-1,infra,726,143,feature/payment-fix,merge_request,0,138,126,1044,469.39,elena.torres,0,
78534f00-64a4-5c41-73b7-87220aadfd19,2024-12-18T19:22:01.098258,build,success,staging,order-service,eu-west-1,platform,171,144,feature/payment-fix,merge_request,0,151,148,189,449.88,maria.garcia,1,
38116e1a-58cc-a830-7322-104e97121d87,2024-12-19T14:40:21.717957,build,success,staging,notification-service,eu-west-1,frontend,84,145,release/2.1,merge_request,0,426,416,116,368.87,pablo.ramos,1,
58062618-7950-d282-7fe1-da94b7d81581,2025-01-28T01:40:25.611851,pipeline,failed,dev,auth-service,eu-west-1,frontend,367,146,hotfix/critical,webhook,0,229,61,321,785.96,lucia.fernandez,1,dependency_fail
199e3cd2-b2dd-0f46-66b5-8ca3096229ae,2024-12-31T12:12:53.713678,build,success,dev,auth-service,sa-east-1,backend,473,147,hotfix/critical,webhook,0,399,368,481,122.85,maria.garcia,0,
88eae7df-ef8a-b888-964f-2fac0e3dfe7d,2024-11-24T17:06:29.568152,build,success,production,auth-service,ap-south-1,frontend,544,148,feature/payment-fix,schedule,0,93,92,812,636.57,ana.martinez,0,
0dda127d-5e5c-dd1c-6ce7-8b6e5d8e102b,2025-01-25T07:49:05.298979,build,success,production,auth-service,eu-west-1,frontend,208,149,feature/payment-fix,manual,0,79,76,225,721.17,pablo.ramos,1,
b8af133f-2f33-66d1-65b1-3336f7243429,2024-12-21T14:24:21.192039,deployment,failed,dev,payment-service,ap-south-1,infra,216,150,feature/auth-v2,merge_request,1,0,0,200,0.0,david.sanchez,0,test_failure
cebf78ea-372e-60c9-eff3-eff23561ef28,2025-01-07T13:28:19.479036,pipeline,failed,staging,order-service,ap-south-1,frontend,691,151,release/2.1,schedule,1,209,29,874,368.7,maria.garcia,0,dependency_fail
24a09738-5fe4-b8d6-68c2-2a25fddf4f91,2025-01-30T08:09:55.588237,deployment,success,dev,auth-service,eu-west-1,infra,173,152,hotfix/critical,manual,0,0,0,204,0.0,pablo.ramos,0,
518b0b0a-b833-43af-32c5-c6689e265297,2025-01-10T14:19:12.671920,deployment,success,dev,notification-service,eu-west-1,platform,151,153,feature/payment-fix,webhook,0,0,0,196,0.0,lucia.fernandez,1,
1ba86560-993d-8438-470a-95b0811fb185,2025-01-15T10:42:09.109528,build,success,staging,payment-service,ap-south-1,frontend,274,154,feature/payment-fix,merge_request,0,459,425,394,244.63,david.sanchez,1,
d9d1ec21-94d5-4c81-f48c-4b09344c51a4,2025-01-05T14:07:59.694372,deployment,success,dev,analytics-service,eu-west-1,backend,105,155,main,merge_request,0,0,0,91,0.0,pablo.ramos,1,
889702f2-7cf8-b9b0-99cf-3b9907f8f793,2024-11-22T18:26:00.839699,build,success,dev,notification-service,ap-south-1,frontend,549,156,feature/payment-fix,webhook,0,151,144,756,726.56,lucia.fernandez,0,
92e392c4-8530-e1c2-069a-f435609335ab,2024-12-18T23:34:14.201449,build,success,dev,analytics-service,sa-east-1,backend,71,157,feature/payment-fix,merge_request,0,180,169,95,462.95,david.sanchez,1,
75b572b5-707f-6348-4733-f71170487444,2024-11-22T02:30:56.933016,deployment,success,staging,user-service,eu-west-1,platform,181,158,main,merge_request,0,0,0,235,0.0,ana.martinez,0,
23bee331-7960-f2a6-9c2a-5bee8f25e975,2024-11-24T00:56:26.164113,deployment,success,dev,order-service,us-east-1,backend,285,159,release/2.1,manual,0,0,0,324,0.0,pablo.ramos,0,
db1ccd8d-c130-c5d7-9c7b-0ef4a137a5d2,2025-01-25T17:59:02.123027,build,success,dev,user-service,sa-east-1,frontend,467,160,main,merge_request,0,68,67,451,267.53,pablo.ramos,0,
8e8bfea8-1a1f-eaec-1e10-27f621ba7ae8,2024-11-26T04:02:14.626528,pipeline,success,staging,notification-service,ap-south-1,infra,728,161,feature/auth-v2,merge_request,0,446,419,963,517.78,maria.garcia,0,
115ff7d1-704f-3f29-128b-d1a169be4ba7,2024-12-23T17:19:03.839819,deployment,success,staging,order-service,ap-south-1,backend,291,162,feature/auth-v2,webhook,0,0,0,299,0.0,ana.martinez,0,
f67cfdb5-9578-9054-33fe-9756f4a11b92,2024-12-27T02:20:24.128381,build,success,staging,notification-service,us-east-1,frontend,290,163,release/2.1,webhook,0,427,421,359,110.09,jose.rodriguez,1,
316a4c19-81ce-6fd2-a676-5c9922093238,2024-11-18T18:40:44.583096,deployment,success,staging,payment-service,eu-west-1,frontend,157,164,develop,webhook,0,0,0,226,0.0,lucia.fernandez,1,
10d1fdb0-2e56-25e8-20f6-675e5dfc38e7,2025-01-02T12:54:33.562202,build,success,production,notification-service,sa-east-1,backend,223,165,main,merge_request,0,127,123,187,680.44,david.sanchez,1,
2d79f185-6b83-d936-582b-5155759e48de,2024-12-13T02:46:28.119702,build,success,dev,payment-service,eu-west-1,frontend,320,166,release/2.1,merge_request,0,181,178,474,594.2,pablo.ramos,1,
485d5a10-33ea-f43c-2c01-e51f51e0663e,2025-01-07T03:12:07.640199,deployment,success,production,auth-service,sa-east-1,infra,138,167,main,webhook,0,0,0,200,0.0,jose.rodriguez,1,
d85e5fa7-d939-9ee7-bbd8-62ad7bf5c5e9,2024-12-22T14:57:41.833099,build,success,staging,auth-service,us-east-1,infra,232,168,hotfix/critical,webhook,0,167,154,273,117.22,lucia.fernandez,1,
2d9b81ad-d016-e876-edb8-a1e0a1d51beb,2025-01-07T20:10:30.103716,build,failed,dev,notification-service,eu-west-1,backend,411,169,release/2.1,merge_request,2,263,167,564,481.06,ana.martinez,0,dependency_fail
c625c692-22b4-8fbb-e160-8b96a3d0fc40,2024-12-23T15:55:39.338246,pipeline,success,staging,auth-service,sa-east-1,frontend,691,170,develop,webhook,0,200,197,805,789.51,maria.garcia,0,
773e18a2-7681-753d-8d03-25f8efe427f2,2024-12-01T16:38:08.495389,deployment,success,dev,user-service,ap-south-1,platform,203,171,develop,webhook,0,0,0,247,0.0,jose.rodriguez,0,
8ca39a6a-a7f1-a601-45d7-b6852a69a0c3,2025-01-03T13:19:55.184692,build,success,dev,api-gateway,eu-west-1,platform,511,172,develop,merge_request,0,156,153,439,202.99,lucia.fernandez,0,
a28a1cae-4209-ff20-2e57-0091d3653266,2024-11-21T23:08:30.289225,pipeline,success,dev,auth-service,sa-east-1,infra,207,173,hotfix/critical,webhook,0,201,195,251,650.56,elena.torres,1,
47aec513-d752-a13a-6c7e-d42d76cb2f02,2025-02-03T06:54:42.989876,build,success,staging,order-service,eu-west-1,platform,446,174,main,merge_request,0,227,225,614,437.07,lucia.fernandez,0,
95742d97-8cc3-b406-6c8d-24c6e3a3835d,2025-02-12T10:18:09.423835,deployment,success,dev,user-service,us-east-1,platform,219,175,develop,webhook,0,0,0,276,0.0,david.sanchez,0,
3fc9521d-96b5-562e-5491-12c35abedf01,2024-12-15T00:46:56.806990,deployment,success,production,user-service,sa-east-1,infra,150,176,main,merge_request,0,0,0,169,0.0,david.sanchez,1,
a33c23ea-0e7f-c437-223e-f6a00a5606d4,2025-01-19T20:09:44.057186,deployment,success,dev,order-service,ap-south-1,backend,97,177,feature/auth-v2,merge_request,0,0,0,144,0.0,lucia.fernandez,1,
5d0fb754-64bf-328e-29f6-48bfe59cdf78,2025-01-24T06:36:46.280419,deployment,success,dev,analytics-service,eu-west-1,platform,250,178,feature/payment-fix,merge_request,0,0,0,241,0.0,david.sanchez,0,
41dfb4c8-155d-3680-a0b3-f28a45b19903,2024-12-10T02:12:38.815063,deployment,success,dev,payment-service,sa-east-1,infra,163,179,feature/auth-v2,merge_request,0,0,0,134,0.0,carlos.lopez,1,
efb775ad-1a18-34bf-0428-de3fc66ff59d,2025-01-27T02:14:35.579623,deployment,success,dev,analytics-service,us-east-1,infra,159,180,feature/payment-fix,merge_request,0,0,0,177,0.0,pablo.ramos,1,
1dd71ec6-d7c1-15cb-e92c-2c0507680169,2024-12-17T21:20:25.452868,build,success,dev,auth-service,ap-south-1,frontend,574,181,hotfix/critical,webhook,0,447,432,836,278.65,maria.garcia,0,
3ef1dd71-8b40-01ff-406f-935353fa1efd,2024-11-23T17:46:19.344792,deployment,success,dev,auth-service,eu-west-1,infra,161,182,main,merge_request,0,0,0,131,0.0,ana.martinez,1,
89cbf3ad-061c-0d01-cc11-10252e80462e,2025-01-20T00:05:49.528524,deployment,failed,staging,inventory-service,eu-west-1,backend,114,183,feature/auth-v2,manual,0,0,0,169,0.0,ana.martinez,1,dependency_fail
bf302d51-58bf-7626-beef-69238e2e9374,2024-12-31T13:32:59.145870,pipeline,success,staging,auth-service,ap-south-1,platform,171,184,develop,webhook,0,330,329,249,658.63,elena.torres,1,
e2884189-7c28-c6a0-3c69-19fed7936a7a,2024-12-23T21:57:55.097713,pipeline,success,staging,api-gateway,eu-west-1,frontend,367,185,hotfix/critical,merge_request,0,436,404,355,157.1,maria.garcia,1,
fefc03f1-f8aa-a277-95a3-587adcbd5661,2025-02-08T18:22:30.895138,build,success,dev,payment-service,ap-south-1,infra,538,186,release/2.1,schedule,0,446,444,734,126.08,pablo.ramos,0,
cdbb3d16-0200-8bd6-81e3-379813b21638,2025-01-04T14:13:14.992864,deployment,success,staging,payment-service,eu-west-1,platform,152,187,release/2.1,webhook,0,0,0,195,0.0,pablo.ramos,1,
809b6c80-9f6b-ac8b-6878-75f4df765b2b,2025-01-20T10:47:25.856242,deployment,failed,production,inventory-service,us-east-1,frontend,53,188,feature/payment-fix,manual,2,0,0,65,0.0,pablo.ramos,1,config_error
bfd0855d-4b61-b3e2-a7ce-1665c3e3b44c,2025-02-02T21:44:26.110514,pipeline,success,production,analytics-service,us-east-1,platform,447,189,release/2.1,webhook,0,262,250,653,268.51,lucia.fernandez,1,
501e9093-1f48-40e5-f125-37bf800d1b69,2024-12-13T07:00:05.027723,deployment,success,dev,inventory-service,ap-south-1,frontend,184,190,feature/auth-v2,schedule,0,0,0,201,0.0,ana.martinez,0,
facde1cc-3cfb-a4a6-ad39-973eeee8aba7,2025-01-18T10:08:59.482855,build,success,staging,user-service,ap-south-1,platform,555,191,release/2.1,webhook,0,187,175,449,777.39,carlos.lopez,0,
af4175a6-9947-8919-63c8-76f66cb20f10,2024-12-18T18:24:09.161728,pipeline,failed,production,api-gateway,sa-east-1,infra,637,192,feature/payment-fix,manual,2,183,57,901,398.81,jose.rodriguez,0,infra_error
6edd54a7-c6ea-c031-5050-28952cfa6683,2024-12-19T05:07:37.316944,build,success,dev,inventory-service,sa-east-1,backend,82,193,feature/auth-v2,manual,0,110,101,75,668.83,maria.garcia,1,
7153598a-5966-450c-a850-e956bb2c383b,2025-01-17T14:12:38.613624,build,success,staging,payment-service,eu-west-1,backend,216,194,release/2.1,webhook,0,353,344,283,635.93,ana.martinez,1,
5ccb078f-f02a-002a-9b64-107cb05c0847,2025-01-13T00:39:20.605569,pipeline,success,production,notification-service,sa-east-1,frontend,182,195,hotfix/critical,webhook,0,326,318,156,380.77,elena.torres,1,
04d69cf0-6870-3669-4a93-dd604eed41dd,2025-01-28T15:04:00.331478,deployment,success,staging,analytics-service,ap-south-1,frontend,119,196,develop,webhook,0,0,0,102,0.0,maria.garcia,1,
df3f0d8d-8c08-b7a2-063b-000cf91c5252,2024-11-28T16:25:47.326765,pipeline,success,dev,auth-service,us-east-1,platform,183,197,feature/auth-v2,merge_request,0,182,171,246,612.14,lucia.fernandez,1,
c9e7ef7f-4cc1-aab7-77e7-96f25fffb7f0,2025-02-03T18:03:48.176613,deployment,success,production,payment-service,eu-west-1,backend,209,198,main,webhook,0,0,0,167,0.0,jose.rodriguez,0,
039733ac-dd78-a4fe-a41e-14a9236e03f1,2025-01-18T22:25:06.991148,build,success,dev,payment-service,eu-west-1,backend,125,199,develop,merge_request,0,372,349,130,221.25,ana.martinez,1,
0a21ddc2-d908-01b7-cbfb-d788612d77ba,2024-12-18T04:22:07.524606,build,success,production,notification-service,sa-east-1,frontend,585,200,hotfix/critical,manual,0,153,143,716,175.8,maria.garcia,0,
93afe345-b58c-7604-5599-5e5e3621d943,2025-02-14T00:27:59.951059,build,success,dev,api-gateway,us-east-1,backend,373,201,develop,webhook,0,105,99,474,258.06,maria.garcia,0,
3ad25819-364f-b464-21d8-a288c1244a88,2025-02-11T03:46:01.009007,build,success,staging,analytics-service,eu-west-1,platform,537,202,main,webhook,0,475,449,533,703.59,ana.martinez,0,
334c53f0-66bd-fa4e-7f66-e44c4e9d7bc6,2024-11-29T07:46:15.131730,build,success,dev,api-gateway,ap-south-1,backend,534,203,main,merge_request,0,125,123,669,389.06,lucia.fernandez,0,
580e2739-eb6d-8af3-b03f-1e48f141ad42,2025-02-09T10:28:52.454667,build,success,staging,user-service,ap-south-1,infra,511,204,develop,merge_request,0,336,331,670,645.15,david.sanchez,0,
f4b39d80-e313-625f-4a8d-d57332627d55,2024-12-29T05:49:44.746512,deployment,success,production,user-service,sa-east-1,backend,71,205,release/2.1,webhook,0,0,0,57,0.0,elena.torres,1,
1b7b74e6-7602-03be-9cbc-860c6bd14c06,2025-02-01T07:25:40.952675,build,success,staging,inventory-service,sa-east-1,infra,533,206,hotfix/critical,webhook,0,484,467,564,357.76,lucia.fernandez,0,
14f91f89-caaa-ad4d-687a-f06980c19b72,2024-12-12T09:32:59.759292,pipeline,success,dev,notification-service,us-east-1,backend,760,207,release/2.1,merge_request,0,446,441,1022,134.44,pablo.ramos,0,
4f5c8369-92b6-ea72-8beb-6cbca494f9c2,2024-12-22T21:07:16.750779,pipeline,success,staging,payment-service,eu-west-1,infra,160,208,release/2.1,webhook,0,241,239,175,218.3,ana.martinez,1,
293e67cd-bcd6-5df6-9c5f-ff91832126a6,2024-12-28T00:44:12.809408,build,success,staging,inventory-service,us-east-1,infra,480,209,hotfix/critical,merge_request,0,153,151,712,328.09,lucia.fernandez,0,
1ab463ee-bb85-2b8f-c70b-e40ed09799e2,2025-01-26T22:09:52.671541,deployment,success,staging,inventory-service,sa-east-1,platform,144,210,feature/auth-v2,webhook,0,0,0,141,0.0,pablo.ramos,1,
35dd1caf-3a70-36b2-5140-f43104e0a23c,2025-01-05T10:29:49.670995,build,success,production,api-gateway,sa-east-1,infra,292,211,main,manual,0,124,116,345,266.59,carlos.lopez,1,
dcb7f4f0-3667-dd5a-107f-dca5d6192a98,2024-12-21T17:34:33.002299,deployment,success,staging,user-service,ap-south-1,platform,211,212,hotfix/critical,merge_request,0,0,0,235,0.0,ana.martinez,0,
4ff6bed3-775c-8f2f-9b43-91c4f3f72440,2024-11-22T23:26:37.661716,build,success,staging,analytics-service,us-east-1,backend,441,213,release/2.1,manual,0,246,244,647,472.04,lucia.fernandez,0,
8b7e20bf-d2ae-eaf9-14c7-d3fd9a1ac067,2024-12-31T23:55:00.132778,build,success,dev,inventory-service,eu-west-1,frontend,502,214,develop,schedule,0,197,191,731,449.25,ana.martinez,0,
3c210ba6-db40-de36-dcc2-f8d320afb731,2024-12-16T12:51:29.168082,deployment,success,staging,notification-service,sa-east-1,backend,51,215,release/2.1,manual,0,0,0,68,0.0,pablo.ramos,1,
c3a57ecd-49d9-1980-95b7-433136f46281,2025-01-15T19:54:03.040905,deployment,success,production,user-service,eu-west-1,backend,116,216,hotfix/critical,webhook,0,0,0,123,0.0,maria.garcia,1,
a387ac03-94b5-fe67-eb74-a40e78ac80d8,2024-11-21T13:27:20.704409,build,failed,dev,payment-service,sa-east-1,platform,300,217,main,merge_request,0,151,77,268,635.09,carlos.lopez,1,timeout
a45de8c6-fd45-9cde-af54-b7d5121a62bc,2024-12-06T23:02:56.991241,pipeline,success,staging,user-service,us-east-1,platform,828,218,main,merge_request,0,443,422,1219,219.15,lucia.fernandez,0,
42dafab8-a49d-5556-2fb3-83503ff9a077,2024-12-27T00:06:14.511488,pipeline,success,dev,analytics-service,us-east-1,platform,824,219,release/2.1,webhook,0,442,430,902,323.81,ana.martinez,0,
f491f800-9115-ecd3-328a-a63dc5ee24f7,2024-12-16T04:30:12.904580,build,success,dev,notification-service,eu-west-1,platform,401,220,develop,manual,0,457,435,599,130.99,jose.rodriguez,0,
40329294-a8dc-078d-8616-e6d2018bc598,2025-01-23T18:58:22.949348,pipeline,failed,production,notification-service,eu-west-1,infra,557,221,release/2.1,manual,1,421,95,787,376.73,elena.torres,0,timeout
d63b1e46-99d6-5501-5de4-15c5ba2ca45d,2025-01-12T23:16:58.994928,build,success,staging,order-service,us-east-1,infra,388,222,develop,manual,0,469,464,335,500.33,maria.garcia,0,
68525344-2a15-ad12-ed3a-4fbe54db1479,2025-01-29T20:07:17.066510,build,success,dev,order-service,eu-west-1,backend,381,223,develop,merge_request,0,193,191,447,192.18,jose.rodriguez,0,
f8bd143a-917d-7c68-df44-420a0757727c,2025-02-12T22:41:21.024565,build,success,staging,notification-service,eu-west-1,backend,259,224,release/2.1,webhook,0,105,97,302,637.92,maria.garcia,1,
da712487-b09f-b622-ce8a-98e821bf9c81,2024-12-05T18:59:50.924171,build,success,dev,order-service,sa-east-1,platform,540,225,main,manual,0,362,361,446,470.38,jose.rodriguez,0,
6005e68e-2dfb-a7d8-3791-52882795b6cb,2025-01-24T23:36:00.389444,build,success,dev,analytics-service,eu-west-1,frontend,184,226,hotfix/critical,webhook,0,164,162,176,570.67,lucia.fernandez,1,
b9e4db46-00e8-5b65-0c83-df876457921c,2024-11-21T14:08:19.566960,pipeline,success,staging,api-gateway,sa-east-1,infra,312,227,feature/auth-v2,webhook,0,482,450,449,515.82,carlos.lopez,1,
a4041a48-e076-4abc-da6f-1d4ba821ec3a,2025-02-02T05:17:12.586977,build,success,dev,inventory-service,sa-east-1,frontend,366,228,main,merge_request,0,71,70,367,391.99,ana.martinez,0,
5a98cc13-ca61-a3cd-ddc6-8e0ed003727c,2024-12-31T12:30:31.726133,build,success,staging,analytics-service,us-east-1,frontend,551,229,main,webhook,0,105,103,808,513.93,elena.torres,0,
3cf511d9-058b-24ab-fc31-3f53c83a04d8,2025-02-14T02:19:25.302746,build,success,staging,user-service,ap-south-1,backend,436,230,hotfix/critical,merge_request,0,310,309,400,656.02,ana.martinez,0,
d9286440-b1c3-1b84-d40d-e63164e391eb,2024-12-05T06:50:56.275332,build,success,dev,inventory-service,eu-west-1,infra,357,231,develop,webhook,0,313,292,519,61.95,carlos.lopez,0,
5ee88938-eb51-afff-630c-da9467d872cf,2024-12-01T00:05:11.291076,build,success,dev,inventory-service,us-east-1,frontend,332,232,develop,merge_request,0,57,53,344,325.32,jose.rodriguez,0,
92a571dc-7097-30a7-7430-aae65b74445a,2025-01-25T08:49:50.630844,pipeline,success,staging,analytics-service,sa-east-1,backend,422,233,feature/auth-v2,webhook,0,452,438,520,693.22,david.sanchez,1,
5cd0afcb-516d-7c52-3260-2b9b432afd40,2024-12-21T13:32:27.508732,deployment,failed,staging,analytics-service,us-east-1,backend,208,234,feature/auth-v2,webhook,1,0,0,187,0.0,elena.torres,0,config_error
b7384958-d2b6-80ff-3e22-494338f8b03c,2025-02-07T03:04:25.815869,pipeline,success,dev,inventory-service,us-east-1,platform,605,235,release/2.1,webhook,0,205,204,696,502.61,pablo.ramos,0,
9a7d0256-15af-9991-f5f0-802588b9a79d,2025-02-07T14:47:45.449148,build,success,dev,analytics-service,us-east-1,backend,543,236,feature/auth-v2,webhook,0,190,180,582,286.96,jose.rodriguez,0,
0160181b-515a-2f23-660e-0dd92855a6eb,2024-12-24T22:33:21.938486,build,success,dev,payment-service,ap-south-1,infra,249,237,feature/auth-v2,webhook,0,158,151,215,775.37,ana.martinez,1,
77ec4376-7b22-e462-c2e7-93873ef983aa,2024-12-15T20:42:14.574324,build,success,production,user-service,sa-east-1,infra,327,238,feature/payment-fix,merge_request,0,301,293,400,45.75,maria.garcia,1,
241496a5-bc07-ba61-9f30-4626071751ff,2024-11-19T18:52:36.794875,deployment,failed,dev,payment-service,us-east-1,infra,172,239,release/2.1,manual,0,0,0,255,0.0,ana.martinez,1,config_error
bab4a366-9e8d-28c8-a8de-6cd271b6822a,2025-01-17T10:54:32.155578,pipeline,failed,dev,order-service,eu-west-1,frontend,819,240,feature/auth-v2,webhook,1,158,45,1143,412.06,maria.garcia,0,dependency_fail
f9006433-f6c4-5351-2573-62f193ab225c,2025-01-22T05:44:46.177671,deployment,success,staging,user-service,us-east-1,backend,278,241,hotfix/critical,merge_request,0,0,0,266,0.0,elena.torres,0,
e1ec3616-0f11-1c30-2195-912ed1a8624a,2024-11-20T22:53:47.886489,deployment,success,dev,user-service,eu-west-1,frontend,117,242,feature/payment-fix,webhook,0,0,0,120,0.0,carlos.lopez,1,
678904cf-45e2-c017-2fa5-4868a1bb70e4,2025-01-09T06:32:38.712498,build,success,staging,api-gateway,us-east-1,frontend,415,243,feature/payment-fix,manual,0,237,227,517,123.21,maria.garcia,0,
20fa3942-c366-fe6e-a8da-fc61d64efc8a,2025-01-01T06:18:33.633276,deployment,success,dev,notification-service,sa-east-1,platform,253,244,feature/payment-fix,manual,0,0,0,350,0.0,david.sanchez,0,
1b5362f3-b99c-6aa4-652c-954bfbebcb02,2025-01-07T00:56:42.409260,deployment,success,dev,api-gateway,ap-south-1,infra,160,245,main,webhook,0,0,0,160,0.0,david.sanchez,1,
2ea719fd-754c-3aa5-c0b9-b255fe624df0,2025-02-10T03:27:14.112703,deployment,success,dev,order-service,eu-west-1,infra,285,246,main,merge_request,0,0,0,319,0.0,maria.garcia,0,
1e94393d-d7d8-6553-79f7-ef8a6ade5abf,2025-02-02T10:45:27.924241,deployment,success,staging,order-service,us-east-1,infra,47,247,main,webhook,0,0,0,66,0.0,elena.torres,1,
a478516f-dc3e-3531-b2bf-bed5d463408a,2025-01-05T20:13:25.924856,deployment,success,dev,analytics-service,ap-south-1,infra,171,248,main,merge_request,0,0,0,142,0.0,carlos.lopez,1,
d645b0a2-f28a-9a7f-9521-371a42643c24,2025-01-16T06:13:29.069100,build,success,production,inventory-service,ap-south-1,infra,459,249,hotfix/critical,merge_request,0,110,107,621,220.26,pablo.ramos,0,
09f2f51b-1f77-9e97-046d-f4fba086312c,2025-01-26T02:53:59.769618,build,success,dev,order-service,eu-west-1,backend,256,250,release/2.1,merge_request,0,200,197,280,743.07,david.sanchez,1,
7d9fe138-d988-77cb-386c-f317d48acda2,2024-12-30T23:34:13.891997,deployment,success,staging,auth-service,us-east-1,platform,271,251,feature/auth-v2,merge_request,0,0,0,235,0.0,jose.rodriguez,0,
4e334d0d-5af8-7d29-fb29-57ba3b95e47f,2024-12-03T20:18:20.992879,build,success,dev,order-service,ap-south-1,frontend,505,252,hotfix/critical,merge_request,0,253,248,489,364.52,elena.torres,0,
35de223e-0eb2-47fd-cc9f-af3ee92e8a41,2025-02-03T14:06:24.346022,deployment,success,staging,user-service,ap-south-1,frontend,289,253,main,schedule,0,0,0,279,0.0,lucia.fernandez,0,
3b8facf3-d34a-740d-bd79-deae2b5e688b,2024-11-24T13:49:05.583206,pipeline,success,dev,api-gateway,sa-east-1,frontend,767,254,release/2.1,merge_request,0,490,455,1010,43.75,ana.martinez,0,
54cd7d20-7e98-0871-6516-db2df38aa7b4,2025-01-04T06:56:33.289442,build,success,production,inventory-service,sa-east-1,frontend,389,255,main,webhook,0,137,130,521,240.72,maria.garcia,0,
0409787d-22c8-8b33-718e-982a993d474b,2024-12-06T12:33:00.164495,build,success,dev,order-service,sa-east-1,infra,528,256,feature/payment-fix,manual,0,368,353,523,586.87,pablo.ramos,0,
6a9d4a7a-e9be-7266-65ba-b861e0eecea9,2024-12-20T18:24:41.324672,build,failed,dev,notification-service,eu-west-1,infra,376,257,release/2.1,merge_request,1,313,24,390,588.72,maria.garcia,0,infra_error
2378acea-9232-9bce-5e42-430654eb3c76,2025-01-10T19:01:21.427553,deployment,success,dev,user-service,us-east-1,platform,261,258,release/2.1,merge_request,0,0,0,231,0.0,ana.martinez,0,
f36090c3-b5e9-6f1c-8d85-4158fe26d1a5,2024-12-23T21:16:03.162523,build,success,dev,inventory-service,us-east-1,backend,301,259,hotfix/critical,merge_request,0,174,167,412,113.61,carlos.lopez,1,
a8411ab7-a904-6cb4-1ce1-20fba46293ec,2025-02-12T20:50:25.282041,build,success,staging,api-gateway,eu-west-1,backend,253,260,main,webhook,0,307,306,339,322.06,jose.rodriguez,1,
c59a6137-8b3d-da8d-874e-a8e941ac9159,2024-11-20T20:22:47.518153,pipeline,cancelled,dev,api-gateway,us-east-1,infra,758,261,feature/auth-v2,merge_request,0,130,47,1045,633.85,elena.torres,0,
edf7ce63-4392-85eb-4a0c-01320d6658ff,2024-11-30T01:10:33.935083,build,success,production,auth-service,ap-south-1,infra,298,262,hotfix/critical,merge_request,0,349,341,421,789.07,jose.rodriguez,1,
f3bfc115-0f39-9e2b-d2d1-ff952f1ab86f,2024-12-04T10:23:46.407519,build,success,staging,order-service,sa-east-1,backend,237,263,hotfix/critical,manual,0,144,137,221,250.58,ana.martinez,1,
ddc649a0-0e82-d2fd-9a35-3adbf17b820d,2024-12-26T16:27:15.113061,build,success,dev,notification-service,us-east-1,frontend,273,264,feature/payment-fix,merge_request,0,394,383,225,626.55,elena.torres,1,
5876179f-9542-7c2d-3544-a10fe7de27fd,2025-01-14T09:30:03.634405,deployment,success,staging,auth-service,eu-west-1,infra,263,265,feature/auth-v2,webhook,0,0,0,382,0.0,elena.torres,0,
74ee13cf-0e13-8afd-1e1e-93e11663dc43,2024-12-04T20:44:32.674440,pipeline,success,dev,user-service,sa-east-1,platform,394,266,develop,merge_request,0,339,323,470,147.69,elena.torres,1,
386045b3-8b13-6492-013e-4fd56832d19e,2024-11-23T17:02:49.367104,deployment,failed,dev,auth-service,us-east-1,platform,149,267,hotfix/critical,merge_request,0,0,0,125,0.0,pablo.ramos,1,infra_error
524a603a-23f8-0401-d5c9-f24d4ce51d70,2025-01-06T14:16:48.992930,deployment,success,dev,user-service,eu-west-1,backend,227,268,feature/auth-v2,merge_request,0,0,0,207,0.0,jose.rodriguez,0,
18302790-4efa-28ca-ecd2-27f352559152,2025-01-30T20:09:16.343597,deployment,success,dev,payment-service,ap-south-1,frontend,124,269,feature/auth-v2,merge_request,0,0,0,118,0.0,elena.torres,1,
454cf520-51ba-0113-0170-1215275d6693,2025-01-15T12:50:09.973859,build,success,dev,payment-service,eu-west-1,frontend,297,270,develop,merge_request,0,111,110,306,554.64,pablo.ramos,1,
20f03042-bd31-4bcb-e602-f93565eb9537,2025-01-07T19:32:33.740304,pipeline,success,dev,notification-service,eu-west-1,platform,317,271,develop,webhook,0,60,55,358,776.63,david.sanchez,1,
1b99dc38-217f-792d-2dde-2956a0c233ae,2024-12-05T16:17:28.595423,deployment,success,dev,user-service,us-east-1,backend,164,272,feature/payment-fix,webhook,0,0,0,137,0.0,pablo.ramos,1,
350e5e23-328f-1d16-80a0-21cf16c0e3f9,2024-12-24T21:31:21.558118,build,success,dev,auth-service,ap-south-1,infra,111,273,main,webhook,0,123,119,90,84.85,lucia.fernandez,1,
09397f0c-3b0e-283b-3890-6129a23c8fd0,2024-11-20T08:59:01.707067,pipeline,success,dev,payment-service,ap-south-1,backend,131,274,develop,webhook,0,283,272,191,388.92,maria.garcia,1,
ea3bdeb4-a385-591f-ec14-e21259cb0322,2024-12-29T14:20:42.744050,build,success,dev,auth-service,us-east-1,infra,517,275,hotfix/critical,merge_request,0,218,205,719,336.43,lucia.fernandez,0,
68ac71ea-d92a-908e-31b7-63cdb8bc6373,2025-01-19T21:03:21.749807,deployment,success,dev,payment-service,us-east-1,platform,200,276,feature/payment-fix,merge_request,0,0,0,210,0.0,elena.torres,0,
f1feb778-cd56-23f9-eddc-778e29e33762,2024-12-04T00:20:38.910070,pipeline,success,staging,notification-service,eu-west-1,backend,746,277,release/2.1,webhook,0,160,157,777,232.24,carlos.lopez,0,
3d3021e2-7b06-d1bf-7f20-b82d2bf0d2ed,2024-12-28T02:20:39.419927,build,success,dev,order-service,eu-west-1,platform,488,278,feature/auth-v2,webhook,0,368,356,554,451.26,david.sanchez,0,
e7ab1473-82ff-cecb-c374-b2f903de4c47,2024-12-12T18:59:31.790718,deployment,success,staging,inventory-service,sa-east-1,platform,170,279,release/2.1,merge_request,0,0,0,190,0.0,elena.torres,1,
a299c282-3b7c-0bd0-d7c9-b29939a1bdf7,2025-02-04T14:50:02.912235,pipeline,success,dev,user-service,ap-south-1,backend,409,280,feature/auth-v2,schedule,0,208,194,558,441.17,ana.martinez,1,
838dd444-1004-5c04-5ccb-d72fbc545b9a,2025-01-22T23:22:04.561332,build,success,dev,analytics-service,ap-south-1,platform,514,281,feature/auth-v2,webhook,0,230,215,503,35.48,elena.torres,0,
c7d3bfc5-6588-ecba-b32a-07a0a1ce1d17,2025-01-10T02:35:41.797779,build,success,production,inventory-service,eu-west-1,backend,495,282,feature/auth-v2,webhook,0,308,287,519,288.64,lucia.fernandez,0,
05be0655-9cea-6285-ad7e-9d921ecb6899,2025-01-06T13:37:40.672194,deployment,failed,dev,auth-service,us-east-1,backend,82,283,feature/auth-v2,schedule,0,0,0,79,0.0,jose.rodriguez,1,dependency_fail
c7bc92b3-c024-ef89-5b49-1869110396ca,2024-11-27T09:35:45.410456,deployment,success,production,auth-service,us-east-1,frontend,94,284,hotfix/critical,webhook,0,0,0,82,0.0,ana.martinez,1,
03967446-d35d-6271-0e3b-2102303d0e86,2025-02-03T16:05:40.462780,pipeline,success,dev,payment-service,us-east-1,backend,876,285,develop,webhook,0,423,396,777,143.82,pablo.ramos,0,
b5faef56-417c-45a4-d660-b37751300c00,2025-01-14T18:52:01.408797,build,success,dev,notification-service,ap-south-1,backend,558,286,hotfix/critical,merge_request,0,146,140,656,620.56,elena.torres,0,
3097a8a4-e1e9-b094-67f3-7ca118743e77,2025-01-31T16:39:57.683743,deployment,success,dev,order-service,eu-west-1,frontend,149,287,main,merge_request,0,0,0,124,0.0,pablo.ramos,1,
f1df27b3-15e7-b508-20e1-f2811eeda492,2025-02-11T14:16:40.862557,build,success,production,analytics-service,eu-west-1,platform,76,288,feature/auth-v2,merge_request,0,465,460,104,510.82,david.sanchez,1,
6a97ad8b-bef6-19df-fde1-ab0dddf613db,2025-02-01T05:06:38.170125,deployment,success,dev,analytics-service,sa-east-1,platform,97,289,hotfix/critical,merge_request,0,0,0,117,0.0,david.sanchez,1,
208b4305-dd08-70c2-8eca-4ffbc7fac258,2024-12-10T09:29:00.549453,build,success,staging,analytics-service,us-east-1,infra,462,290,develop,webhook,0,51,49,434,152.44,jose.rodriguez,0,
c33b9c32-422e-baba-d418-760f0cb2dcb8,2025-01-06T22:26:39.507747,build,success,production,analytics-service,sa-east-1,frontend,409,291,feature/payment-fix,webhook,0,335,329,353,706.98,david.sanchez,0,
c5cfa777-8812-a8cb-0fb0-e8b6bb5aa3f2,2025-02-09T05:31:49.585664,build,success,production,user-service,us-east-1,infra,428,292,feature/auth-v2,webhook,0,55,54,468,621.14,jose.rodriguez,0,
95955dbc-ff56-d3bf-0694-9bf39b740e50,2024-12-01T00:13:40.171865,build,success,staging,user-service,ap-south-1,backend,78,293,develop,merge_request,0,380,364,88,291.11,elena.torres,1,
6e9cd629-7f6e-a88b-1609-0ed96d89ab0b,2024-11-18T13:39:52.202324,build,success,production,inventory-service,eu-west-1,frontend,434,294,hotfix/critical,manual,0,418,385,366,432.84,pablo.ramos,0,
ce92fbfb-1832-c0ba-487e-a61d3d125632,2024-12-06T04:00:55.345479,pipeline,success,dev,api-gateway,eu-west-1,backend,661,295,feature/auth-v2,webhook,0,64,60,855,687.3,pablo.ramos,0,
c74485cf-ba68-c900-529b-fed36432d560,2024-11-27T20:35:39.253727,deployment,success,dev,user-service,us-east-1,platform,75,296,hotfix/critical,webhook,0,0,0,110,0.0,pablo.ramos,1,
e58149c3-c3dc-dddf-d208-0cbc7f50ebed,2024-11-30T17:04:18.409308,pipeline,success,staging,auth-service,sa-east-1,platform,632,297,hotfix/critical,merge_request,0,353,335,732,675.19,carlos.lopez,0,
4133b706-8c2f-6a55-fa10-dab885521966,2024-12-23T23:59:32.892723,deployment,success,staging,inventory-service,eu-west-1,infra,105,298,release/2.1,webhook,0,0,0,100,0.0,david.sanchez,1,
10af7250-6428-e7d2-5000-c3e5e693fa37,2025-01-09T09:47:22.435131,build,success,dev,api-gateway,ap-south-1,platform,326,299,hotfix/critical,webhook,0,222,220,280,183.96,pablo.ramos,1,
21460178-c380-d1f1-b199-a34a0801ad32,2024-11-28T20:53:23.805562,build,success,dev,auth-service,eu-west-1,platform,153,300,hotfix/critical,merge_request,0,434,417,205,440.1,maria.garcia,1,
16685d7d-5603-2aa9-33c9-86f521d7fa0c,2024-12-04T21:06:22.795107,build,success,production,inventory-service,ap-south-1,infra,154,301,release/2.1,webhook,0,178,168,227,635.87,maria.garcia,1,
2b51b97d-3ae5-c057-cf97-395469ba8009,2024-12-21T20:45:57.881955,deployment,failed,production,notification-service,eu-west-1,infra,212,302,feature/payment-fix,merge_request,1,0,0,218,0.0,lucia.fernandez,0,config_error
4b44aba7-e119-7da7-abef-c40c64e075f4,2025-01-26T08:37:25.078179,deployment,success,production,api-gateway,ap-south-1,backend,233,303,hotfix/critical,schedule,0,0,0,346,0.0,ana.martinez,0,
f7456360-18b9-e425-85b4-411c6cda931c,2025-01-07T09:36:45.841703,build,success,production,notification-service,ap-south-1,platform,380,304,release/2.1,merge_request,0,290,270,553,93.7,pablo.ramos,0,
791d98d5-5577-adee-ba0a-3ca0d252ad94,2024-12-19T12:32:08.769102,build,success,production,user-service,eu-west-1,backend,305,305,feature/auth-v2,webhook,0,79,72,414,21.05,elena.torres,1,
1b02a065-5bfd-6c6b-2b1f-2cf8b1d0f7c9,2025-02-04T11:52:41.663030,build,success,dev,api-gateway,sa-east-1,platform,431,306,main,merge_request,0,265,264,477,17.82,jose.rodriguez,0,
42ea526e-3f2e-4a31-4bdb-22de81e39a0c,2024-12-24T21:11:19.091393,build,success,staging,auth-service,ap-south-1,frontend,353,307,feature/auth-v2,merge_request,0,275,260,399,598.21,maria.garcia,0,
c2074d01-f875-a34d-3c69-ec8b773cd624,2025-02-06T02:16:31.646071,pipeline,success,dev,user-service,ap-south-1,frontend,787,308,feature/auth-v2,schedule,0,352,337,713,554.62,ana.martinez,0,
cec5920c-db29-e91a-a239-24ffa972093c,2025-02-03T05:09:49.108885,build,success,dev,inventory-service,ap-south-1,infra,362,309,release/2.1,merge_request,0,255,244,476,192.55,jose.rodriguez,0,
f474f934-2a8e-6ad4-1d6f-ed291178958c,2025-02-05T22:56:37.210501,deployment,failed,dev,payment-service,ap-south-1,infra,116,310,develop,merge_request,2,0,0,136,0.0,jose.rodriguez,1,timeout
50dceb25-7e2d-9da2-354c-3387fe1245a1,2024-11-26T18:42:40.529774,build,success,staging,auth-service,ap-south-1,platform,472,311,release/2.1,webhook,0,246,236,571,291.95,pablo.ramos,0,
2bd9a63d-8b9e-7185-6d11-6adf99fd9fcd,2024-12-07T05:58:57.210791,deployment,success,dev,inventory-service,ap-south-1,infra,122,312,main,webhook,0,0,0,150,0.0,jose.rodriguez,1,
ce413ce9-d7dd-0624-de21-6d9f9bd7132a,2024-12-02T07:47:08.928313,build,success,dev,notification-service,eu-west-1,infra,166,313,develop,schedule,0,415,398,207,480.75,elena.torres,1,
68f2f517-5aa5-4432-4f72-217167fa79fa,2025-01-15T11:47:46.973049,build,success,dev,analytics-service,sa-east-1,frontend,517,314,release/2.1,merge_request,0,331,313,661,343.57,jose.rodriguez,0,
1dd3018e-999f-590d-7bde-55cc095948a6,2024-12-04T13:31:47.058847,pipeline,failed,dev,inventory-service,sa-east-1,infra,396,315,release/2.1,manual,0,448,168,328,135.8,elena.torres,1,infra_error
71fb1e66-50d6-6294-3982-99e30d566fe7,2025-01-25T19:56:22.100527,deployment,success,dev,notification-service,eu-west-1,infra,141,316,main,webhook,0,0,0,179,0.0,ana.martinez,1,
b31091ba-de75-da9e-a214-e481c9bf4292,2024-11-26T08:58:18.522716,build,success,staging,api-gateway,sa-east-1,backend,362,317,feature/payment-fix,manual,0,396,389,298,708.03,carlos.lopez,0,
b6941a48-10cc-965d-3f53-178bd2939bd1,2025-02-08T18:48:43.645576,deployment,success,production,auth-service,ap-south-1,infra,151,318,hotfix/critical,webhook,0,0,0,129,0.0,ana.martinez,1,
9d6a0d95-f296-e560-e6fd-f5989ecb4b64,2025-02-08T03:51:10.625028,deployment,success,staging,notification-service,sa-east-1,frontend,54,319,feature/payment-fix,merge_request,0,0,0,66,0.0,ana.martinez,1,
3a7b5088-3b71-042c-9222-abb096e4ee39,2025-01-26T01:19:15.570559,build,success,staging,analytics-service,eu-west-1,backend,309,320,release/2.1,merge_request,0,232,229,327,215.93,lucia.fernandez,1,
0c4fdd53-3538-eb53-f09d-ad4d5d13ec56,2025-01-27T05:42:04.461989,pipeline,success,staging,auth-service,eu-west-1,infra,205,321,release/2.1,manual,0,86,84,267,121.55,elena.torres,1,
b8244e24-c38f-077c-e90c-395cd04eb161,2025-01-27T13:32:19.608837,deployment,failed,production,api-gateway,ap-south-1,backend,136,322,develop,webhook,1,0,0,198,0.0,jose.rodriguez,1,test_failure
df1c6a90-7179-6807-03e9-50bf03d72cb3,2025-01-17T21:31:37.806657,pipeline,success,staging,inventory-service,eu-west-1,infra,318,323,release/2.1,webhook,0,389,375,424,33.49,elena.torres,1,
4177c5e2-c192-8939-28b3-43b6df18fe95,2024-11-24T04:52:49.045694,build,success,dev,user-service,eu-west-1,platform,445,324,feature/auth-v2,merge_request,0,128,121,380,479.76,carlos.lopez,0,
3b7c7674-0f13-26ed-070d-159e933782ab,2024-11-21T02:33:06.021480,build,success,production,api-gateway,sa-east-1,frontend,412,325,develop,webhook,0,479,456,529,615.75,lucia.fernandez,0,
5616f8fa-6be4-9934-c78a-9391be7c5c0e,2025-02-04T22:20:37.209544,build,failed,dev,analytics-service,sa-east-1,platform,165,326,release/2.1,merge_request,1,119,103,176,274.94,lucia.fernandez,1,timeout
58f96c55-11cc-4a04-d150-6eae7f8c2a66,2025-01-26T07:18:38.281729,pipeline,failed,production,analytics-service,eu-west-1,frontend,364,327,main,webhook,2,318,31,329,479.44,jose.rodriguez,1,dependency_fail
0cc2c373-fb73-4f28-7b01-798202b572af,2024-11-29T04:24:19.576779,pipeline,success,staging,notification-service,ap-south-1,backend,406,328,hotfix/critical,schedule,0,363,351,593,466.75,lucia.fernandez,1,
c1e0640f-3343-bb6a-b5ce-df5a206783cd,2024-12-15T23:04:52.846864,build,failed,staging,order-service,us-east-1,backend,306,329,main,webhook,1,435,242,370,713.61,jose.rodriguez,1,timeout
3e353829-4c4b-2119-974f-c387f0a1a21e,2024-11-28T13:10:55.929427,pipeline,success,staging,notification-service,us-east-1,backend,662,330,develop,merge_request,0,271,262,730,600.63,pablo.ramos,0,
128e41ac-75eb-5f04-f8ad-63954c81cdb3,2024-11-21T01:31:14.553635,pipeline,success,staging,notification-service,us-east-1,frontend,318,331,develop,merge_request,0,254,242,402,514.88,david.sanchez,1,
cb466c49-f110-fbb1-5b17-9e4da01a7c0e,2024-12-17T20:16:52.112395,build,success,staging,inventory-service,ap-south-1,infra,580,332,release/2.1,webhook,0,495,484,675,713.51,pablo.ramos,0,
851eaeb3-634f-8075-6e05-9613e1751443,2024-12-09T00:49:10.390061,deployment,success,dev,payment-service,eu-west-1,infra,180,333,develop,merge_request,0,0,0,221,0.0,ana.martinez,0,
9a25386a-bfcf-9008-ba03-7f919d172c44,2025-01-17T12:08:01.219436,build,success,dev,api-gateway,eu-west-1,infra,593,334,main,merge_request,0,346,318,599,268.89,ana.martinez,0,
49c64d8f-897b-1e5f-570b-75d32d048b2b,2024-12-09T15:48:53.274809,deployment,success,production,api-gateway,ap-south-1,platform,54,335,feature/payment-fix,webhook,0,0,0,75,0.0,pablo.ramos,1,
f807ce1c-01e4-151a-7912-7424c44e4ffa,2024-11-20T01:06:01.287957,build,success,staging,auth-service,sa-east-1,frontend,511,336,feature/payment-fix,manual,0,167,164,623,629.62,ana.martinez,0,
27c6ef83-644d-d6a7-1c27-a1d0c41b8079,2024-11-20T19:24:37.757804,build,success,staging,auth-service,ap-south-1,frontend,381,337,feature/payment-fix,schedule,0,427,422,472,628.8,david.sanchez,0,
aafeb295-7458-9fb8-ec6f-027a4348eb8d,2025-02-08T23:19:46.484703,deployment,success,staging,inventory-service,sa-east-1,frontend,269,338,develop,merge_request,0,0,0,330,0.0,jose.rodriguez,0,
04ea4b7a-d208-7e78-e5b0-c00d36136210,2024-12-31T03:29:11.041943,pipeline,failed,dev,api-gateway,sa-east-1,backend,410,339,develop,manual,2,372,78,561,517.27,lucia.fernandez,1,config_error
56b833ce-d502-2ebc-2af3-a6fb9058748f,2024-11-23T02:27:23.745441,deployment,success,dev,notification-service,us-east-1,infra,217,340,release/2.1,manual,0,0,0,293,0.0,pablo.ramos,0,
1c323228-d86b-0cd5-cf5e-a76fca933bbe,2025-01-03T10:58:46.555243,build,success,dev,api-gateway,ap-south-1,backend,437,341,feature/auth-v2,merge_request,0,408,381,514,763.42,carlos.lopez,0,
64d4af14-22db-91d0-0e12-8a2948ab7279,2025-01-15T00:09:21.479768,build,success,staging,order-service,eu-west-1,frontend,85,342,hotfix/critical,webhook,0,176,163,90,451.08,pablo.ramos,1,
15ac98a8-db2b-3570-6893-181ba0d6d688,2025-02-09T07:14:53.227789,pipeline,success,dev,payment-service,us-east-1,backend,509,343,develop,merge_request,0,314,311,677,663.64,david.sanchez,1,
7966c200-4b15-0f99-a242-1a62d388ff34,2025-01-12T23:26:01.593282,build,success,staging,notification-service,eu-west-1,infra,598,344,main,manual,0,180,176,578,555.35,jose.rodriguez,0,
3eeb3be1-1672-71ca-1642-7db03a6ab2ff,2024-12-27T14:49:50.279982,deployment,success,staging,analytics-service,ap-south-1,platform,143,345,feature/auth-v2,webhook,0,0,0,174,0.0,carlos.lopez,1,
1105d220-1276-b75b-a586-bd47a29db779,2025-01-29T07:11:17.060079,build,success,dev,user-service,eu-west-1,frontend,244,346,hotfix/critical,webhook,0,153,145,325,346.1,jose.rodriguez,1,
4b9f96ec-9cc8-fccd-0d15-8f11397425ab,2025-01-17T04:46:49.826743,build,success,staging,notification-service,sa-east-1,backend,284,347,develop,merge_request,0,118,112,241,582.48,elena.torres,1,
87f70fb4-af8d-a134-ed2d-598a9e0331ef,2025-01-08T01:32:39.788801,deployment,cancelled,staging,user-service,ap-south-1,platform,277,348,main,webhook,0,0,0,344,0.0,david.sanchez,0,
b86f4cc1-6cc7-c839-3a5f-a8f13d0d5f85,2025-01-01T08:29:31.923355,pipeline,success,staging,analytics-service,us-east-1,backend,270,349,develop,schedule,0,398,381,348,680.12,maria.garcia,1,
d5359248-aa81-e78e-a3da-6959fcd1eb1a,2025-01-12T08:59:44.834506,build,failed,staging,payment-service,us-east-1,platform,269,350,develop,webhook,1,487,352,337,609.1,carlos.lopez,1,dependency_fail
09b043e5-03f1-95f7-1071-7f9cf48d926a,2024-12-21T15:36:57.869835,deployment,success,dev,user-service,sa-east-1,backend,279,351,release/2.1,webhook,0,0,0,270,0.0,jose.rodriguez,0,
6b80a34c-74a9-e2d8-dccf-bb87bd8d2004,2025-02-14T02:49:39.314108,deployment,success,staging,auth-service,sa-east-1,frontend,213,352,feature/auth-v2,webhook,0,0,0,256,0.0,elena.torres,0,
4c445157-d262-c348-cd42-ce6b20367f19,2024-12-21T08:40:06.559587,deployment,failed,dev,inventory-service,eu-west-1,backend,105,353,main,schedule,1,0,0,150,0.0,david.sanchez,1,config_error
2bdfe866-7822-6125-ded6-e3df5ee1ac6e,2024-11-22T13:01:26.369544,build,success,staging,order-service,sa-east-1,frontend,490,354,main,webhook,0,363,345,671,80.28,lucia.fernandez,0,
7fc08b5d-fc2b-afae-8641-d60ca9a3e98c,2024-11-28T20:42:59.425486,build,success,staging,notification-service,sa-east-1,platform,343,355,release/2.1,manual,0,422,401,352,98.05,jose.rodriguez,0,
62bc0761-682e-42c6-4802-cf2b10db2c49,2025-02-09T17:31:28.851317,build,success,staging,notification-service,us-east-1,platform,234,356,hotfix/critical,webhook,0,334,329,328,774.39,pablo.ramos,1,
2c0bfae9-7e8d-9762-0c63-02827dd410a9,2024-11-21T04:05:30.713346,build,success,dev,order-service,ap-south-1,platform,220,357,hotfix/critical,webhook,0,72,67,297,292.12,maria.garcia,1,
729a32e7-48ec-17be-d80b-5f5bf1692551,2024-12-15T16:36:09.374380,deployment,success,production,user-service,sa-east-1,backend,279,358,feature/payment-fix,schedule,0,0,0,330,0.0,elena.torres,0,
a61e9f54-acf9-20fd-b6c4-aa79f190a180,2025-01-01T19:00:08.518057,build,success,production,auth-service,ap-south-1,platform,461,359,feature/payment-fix,schedule,0,207,203,429,538.69,ana.martinez,0,
7a421c49-d17c-86f5-9f69-4c1e79d7d959,2025-01-30T23:19:06.807833,deployment,success,staging,payment-service,eu-west-1,frontend,278,360,feature/payment-fix,merge_request,0,0,0,223,0.0,ana.martinez,0,
d3a1390f-b1c3-909d-2641-7a6865de2a9b,2024-12-10T11:13:36.094101,deployment,failed,staging,auth-service,ap-south-1,backend,289,361,release/2.1,manual,0,0,0,381,0.0,elena.torres,0,infra_error
a8d636d8-2dd8-7205-01f0-ee7c8833d9d0,2024-11-25T20:53:02.079038,build,success,dev,payment-service,eu-west-1,backend,157,362,feature/auth-v2,webhook,0,60,59,178,537.53,carlos.lopez,1,
cd0b8673-54a8-13af-82ce-d0003327ea28,2024-11-21T22:01:28.076341,pipeline,success,staging,api-gateway,sa-east-1,infra,826,363,release/2.1,merge_request,0,395,376,792,477.74,carlos.lopez,0,
10e0b454-69f6-6ca5-64b3-dfc49caaf36c,2024-12-25T21:23:43.584870,build,success,dev,payment-service,eu-west-1,backend,175,364,develop,webhook,0,463,437,260,102.29,ana.martinez,1,
0a73b110-caa6-ef47-6ede-d1da93d87c99,2025-01-16T05:50:48.295372,deployment,success,production,auth-service,sa-east-1,backend,232,365,release/2.1,merge_request,0,0,0,197,0.0,elena.torres,0,
ad35f1c0-c212-788e-1b7e-9aaecdb89cf7,2025-01-28T20:22:27.086621,build,success,production,inventory-service,ap-south-1,backend,157,366,feature/payment-fix,merge_request,0,323,316,190,429.26,carlos.lopez,1,
f3ba790f-8fdb-4ce8-2e81-49ee216a58f3,2025-01-31T07:58:38.019922,build,failed,dev,order-service,us-east-1,backend,162,367,hotfix/critical,webhook,1,318,108,146,185.04,carlos.lopez,1,dependency_fail
ae666c58-6934-7cca-d4ef-1c3e3bb6c891,2024-12-01T05:42:04.727459,pipeline,success,dev,order-service,us-east-1,backend,427,368,hotfix/critical,merge_request,0,150,140,439,383.41,jose.rodriguez,1,
c96c7248-86b0-c51e-adaa-5d5ff7f910a1,2024-12-07T11:35:56.707340,deployment,success,staging,auth-service,eu-west-1,platform,288,369,feature/payment-fix,schedule,0,0,0,378,0.0,maria.garcia,0,
eca5f6f2-eec5-c3b3-e8b8-2d835a2bc5b2,2024-12-13T20:58:07.767173,build,cancelled,dev,inventory-service,ap-south-1,frontend,177,370,feature/auth-v2,webhook,0,289,124,228,66.71,jose.rodriguez,1,
58d702c4-cd40-a6d6-4c30-2ae640625db7,2025-01-30T21:14:09.941482,build,success,dev,auth-service,sa-east-1,backend,359,371,develop,merge_request,0,179,175,421,229.5,ana.martinez,0,
eef66027-f247-53ad-8bc3-0faccebad42d,2024-12-26T00:21:36.555459,deployment,success,production,payment-service,ap-south-1,infra,164,372,release/2.1,webhook,0,0,0,244,0.0,carlos.lopez,1,
1744a11e-f06b-3ed0-3768-b3172fbcecc0,2025-01-26T18:28:00.939799,deployment,success,dev,api-gateway,ap-south-1,backend,113,373,main,schedule,0,0,0,166,0.0,maria.garcia,1,
09fc01d9-d7ee-cf54-c4e6-16929f3c700a,2024-12-10T19:45:04.712509,deployment,success,staging,notification-service,us-east-1,backend,195,374,release/2.1,webhook,0,0,0,277,0.0,pablo.ramos,0,
62eaf842-5169-6eea-07ef-d163141e4d7d,2025-02-09T19:02:50.797703,pipeline,success,staging,api-gateway,ap-south-1,platform,517,375,feature/auth-v2,merge_request,0,229,210,691,375.14,maria.garcia,0,
974c1e2c-5a7a-3bdf-d16a-7fee52f73896,2024-12-17T00:47:54.220711,deployment,success,dev,user-service,ap-south-1,frontend,164,376,feature/auth-v2,manual,0,0,0,149,0.0,maria.garcia,1,
1088b374-524c-8e77-029e-b541cac652aa,2025-01-13T04:28:29.225025,build,success,dev,order-service,ap-south-1,infra,588,377,main,merge_request,0,86,82,849,648.76,ana.martinez,0,
44a864e2-6e73-2e81-fb29-928454ceec04,2024-11-20T08:54:05.126453,build,success,dev,auth-service,ap-south-1,frontend,176,378,main,merge_request,0,382,352,156,622.32,pablo.ramos,1,
51785430-06b6-7036-b921-1838f0e843d6,2025-01-15T21:35:23.032247,build,success,production,order-service,eu-west-1,infra,560,379,feature/auth-v2,webhook,0,258,249,496,307.89,pablo.ramos,0,
0b4c9f5f-2697-a7b6-ea36-e0abcbe0db89,2024-12-22T17:39:49.256116,deployment,success,production,order-service,ap-south-1,infra,145,380,feature/auth-v2,manual,0,0,0,209,0.0,pablo.ramos,1,
bcfe5925-e161-c5e6-98b6-248fd2dcd8cd,2024-12-17T01:43:07.205558,build,failed,staging,auth-service,ap-south-1,platform,587,381,develop,webhook,1,357,146,796,606.14,jose.rodriguez,0,infra_error
316f95da-34c5-95c2-32f7-d1a18834c4c9,2025-01-07T13:01:19.017267,pipeline,success,staging,auth-service,sa-east-1,backend,826,382,hotfix/critical,merge_request,0,130,119,885,155.76,jose.rodriguez,0,
89964b4f-d905-f3e4-6bb2-7a5c5d592053,2024-12-25T17:04:25.827049,deployment,success,dev,api-gateway,eu-west-1,frontend,159,383,release/2.1,manual,0,0,0,194,0.0,jose.rodriguez,1,
4ff86511-f030-d501-d4c0-593449bc7802,2024-12-02T16:49:12.371327,build,success,dev,notification-service,sa-east-1,frontend,186,384,feature/auth-v2,merge_request,0,500,461,199,526.67,david.sanchez,1,
803b89c1-6cdf-70fd-50a1-2f86b6bd8563,2024-12-02T17:31:16.183158,pipeline,success,production,notification-service,us-east-1,frontend,420,385,main,merge_request,0,306,298,434,391.61,maria.garcia,1,
2be7cf16-9b91-fba6-607d-0d56eba649b1,2024-12-10T22:35:55.337059,deployment,failed,dev,api-gateway,eu-west-1,frontend,173,386,release/2.1,webhook,1,0,0,231,0.0,pablo.ramos,0,dependency_fail
700477ea-8c14-b5e8-f0db-7244ed2ac823,2025-01-10T12:08:35.388073,deployment,success,dev,inventory-service,us-east-1,frontend,294,387,feature/payment-fix,webhook,0,0,0,319,0.0,elena.torres,0,
67af641a-fe66-0b33-ea77-0f7a91f845e6,2024-12-12T11:24:39.565799,deployment,success,dev,analytics-service,eu-west-1,backend,208,388,feature/auth-v2,webhook,0,0,0,304,0.0,jose.rodriguez,0,
4b473259-d500-c09a-1733-ac6b5ae21a71,2025-02-13T02:08:22.512634,build,success,production,analytics-service,us-east-1,platform,61,389,hotfix/critical,merge_request,0,161,154,71,167.94,ana.martinez,1,
004a641f-e9e5-9fff-d421-1bf88319420b,2025-01-09T12:13:19.438690,build,success,dev,user-service,eu-west-1,frontend,455,390,feature/payment-fix,merge_request,0,176,173,577,511.47,ana.martinez,0,
0ae1c5ad-bb4b-6730-d653-7540027938d3,2024-12-05T22:07:28.566660,build,success,dev,auth-service,us-east-1,backend,373,391,hotfix/critical,webhook,0,349,326,380,551.42,jose.rodriguez,0,
1bba3250-138c-230f-5666-c7340832d820,2024-12-20T13:37:56.936327,build,success,dev,payment-service,us-east-1,backend,81,392,develop,merge_request,0,225,209,109,446.76,elena.torres,1,
11c44c0a-3b08-1daf-4c36-e0de8fc5e0c4,2025-02-14T13:48:23.092827,pipeline,success,staging,order-service,us-east-1,infra,173,393,release/2.1,merge_request,0,214,206,147,430.54,pablo.ramos,1,
0d6c23a2-0947-8c95-9a3c-ce15727fb9f3,2024-12-22T09:36:10.484180,build,success,dev,api-gateway,sa-east-1,infra,307,394,release/2.1,merge_request,0,412,397,381,620.6,david.sanchez,1,
50cc4edb-458e-a166-a824-ebc9a87a7cfb,2025-01-04T18:42:05.810524,deployment,success,dev,api-gateway,sa-east-1,frontend,173,395,feature/payment-fix,merge_request,0,0,0,208,0.0,pablo.ramos,0,
ff56ff43-e1c6-812c-4061-a00f0eff6533,2024-12-06T17:24:12.359531,build,success,production,payment-service,eu-west-1,infra,352,396,release/2.1,merge_request,0,412,379,338,312.01,maria.garcia,0,
726b36a8-3bd2-7590-463a-1191a67958fd,2024-12-24T08:14:34.028171,deployment,success,dev,inventory-service,sa-east-1,backend,179,397,release/2.1,schedule,0,0,0,230,0.0,pablo.ramos,0,
963543bf-3ba3-3e33-236e-e590a45bcfaf,2024-11-29T04:23:49.573313,deployment,success,dev,analytics-service,us-east-1,platform,151,398,develop,webhook,0,0,0,184,0.0,jose.rodriguez,1,
9740a367-b899-23e4-97df-2b805e137085,2024-12-04T00:00:14.555652,pipeline,success,staging,payment-service,sa-east-1,frontend,601,399,develop,merge_request,0,360,354,521,332.11,lucia.fernandez,0,
db35f8b1-707e-e563-d7e8-3a6e2dea281b,2024-12-20T23:26:25.492862,build,success,dev,analytics-service,eu-west-1,infra,546,400,feature/payment-fix,webhook,0,217,206,563,196.95,jose.rodriguez,0,
f616ffa1-b50e-5e35-92eb-4323b6244954,2025-01-25T02:19:05.165853,deployment,success,staging,auth-service,ap-south-1,frontend,192,401,main,webhook,0,0,0,200,0.0,maria.garcia,0,
7e513bfa-9ffa-d8b0-37f7-466bfe02b348,2024-12-15T19:12:43.866385,deployment,success,dev,api-gateway,us-east-1,platform,271,402,release/2.1,webhook,0,0,0,295,0.0,carlos.lopez,0,
e2b659af-e068-2f59-c5ec-c200c7ac4778,2025-01-06T13:46:29.021016,deployment,failed,dev,analytics-service,ap-south-1,frontend,176,403,release/2.1,merge_request,1,0,0,159,0.0,lucia.fernandez,0,config_error
2f3f6ec4-d8f7-5ca2-1835-dd78466ae54b,2025-01-27T20:37:55.381945,build,success,staging,payment-service,us-east-1,infra,280,404,develop,webhook,0,363,339,337,313.61,elena.torres,1,
eb66f9df-8d04-5cd5-739e-aee67fcdf3e7,2024-12-24T23:48:07.630012,build,success,staging,user-service,us-east-1,backend,189,405,feature/payment-fix,schedule,0,112,109,189,617.64,elena.torres,1,
f6c522ca-ee1a-36a6-c7fc-64c1315631d2,2024-12-13T05:36:42.228122,deployment,success,dev,notification-service,ap-south-1,frontend,221,406,feature/payment-fix,schedule,0,0,0,305,0.0,carlos.lopez,0,
f2da6390-e717-0a12-9a3f-b544a968ad55,2024-12-05T03:27:30.700139,deployment,success,dev,auth-service,eu-west-1,infra,154,407,feature/payment-fix,webhook,0,0,0,191,0.0,david.sanchez,1,
53a2eb9e-a3f2-f8d6-16df-39be0ff05fd8,2024-11-26T16:05:47.505919,pipeline,success,production,payment-service,ap-south-1,platform,181,408,main,merge_request,0,409,377,220,378.75,maria.garcia,1,
0d223ba3-7dfa-5a68-e1e3-488554f1e2a3,2024-11-21T15:16:24.357338,deployment,success,staging,analytics-service,eu-west-1,backend,93,409,main,merge_request,0,0,0,129,0.0,lucia.fernandez,1,
7cf9d330-b7e0-9a19-9d83-71a1df738b91,2024-12-18T17:07:46.568739,build,success,staging,api-gateway,sa-east-1,backend,378,410,main,schedule,0,330,317,439,675.76,jose.rodriguez,0,
dbe37d0d-fe5d-ffa0-1229-2be5b3b3227d,2024-12-09T08:06:22.119429,build,success,staging,analytics-service,eu-west-1,backend,599,411,feature/payment-fix,webhook,0,437,402,761,573.13,pablo.ramos,0,
f21bac6b-c202-a0bc-54be-20e1aae4a121,2024-12-15T06:46:38.637117,build,success,staging,notification-service,us-east-1,backend,329,412,feature/payment-fix,merge_request,0,181,178,415,127.67,david.sanchez,1,
404609dd-2b03-c591-bf22-af57cd8e89b6,2025-02-07T13:25:06.184762,build,success,dev,auth-service,sa-east-1,infra,297,413,hotfix/critical,schedule,0,118,112,367,119.16,jose.rodriguez,1,
435bdbbd-0ace-63c4-77aa-6024b21e2c43,2025-01-24T08:07:01.918989,pipeline,success,dev,payment-service,eu-west-1,backend,783,414,main,merge_request,0,217,208,672,603.07,carlos.lopez,0,
b10197f7-6a6f-57d9-e1e5-6f84ca3efe61,2025-01-24T15:12:38.112639,pipeline,success,staging,analytics-service,eu-west-1,infra,784,415,feature/auth-v2,webhook,0,425,418,697,447.97,ana.martinez,0,
12a4d023-532e-764c-4c66-068774c0a9b0,2024-11-24T09:57:31.999870,build,cancelled,dev,api-gateway,ap-south-1,backend,580,416,hotfix/critical,merge_request,0,416,194,471,465.58,david.sanchez,0,
9e4d480d-f106-80db-889d-ad9e30447771,2025-02-12T08:02:48.769510,build,success,staging,order-service,us-east-1,backend,77,417,develop,schedule,0,497,470,80,75.43,elena.torres,1,
dbab1e15-a666-a28c-5134-7c997a2153a9,2024-12-14T20:10:11.593191,build,success,staging,api-gateway,eu-west-1,platform,394,418,main,schedule,0,389,384,440,777.2,elena.torres,0,
cc467b16-5b18-80a0-79aa-eca94ed4d455,2025-01-21T19:37:40.678229,build,success,staging,payment-service,us-east-1,frontend,489,419,hotfix/critical,manual,0,95,93,468,221.79,ana.martinez,0,
459b00a0-b67e-4b57-cd02-c27ed7c3d7e7,2025-01-10T08:11:02.784740,deployment,success,production,payment-service,ap-south-1,platform,138,420,main,webhook,0,0,0,181,0.0,lucia.fernandez,1,
9a381390-4b3a-1261-61fd-fc8bdf998c11,2024-12-06T08:22:19.197111,build,success,production,auth-service,sa-east-1,backend,278,421,release/2.1,webhook,0,442,440,324,199.42,pablo.ramos,1,
d217ab18-dc35-d8ac-8536-981cc2101744,2024-12-12T11:20:58.164594,build,success,staging,order-service,sa-east-1,platform,345,422,release/2.1,webhook,0,495,488,381,746.56,david.sanchez,0,
7dd0a4d7-d56b-ef57-30c9-8250547a7efe,2024-12-05T06:01:19.671411,deployment,success,production,user-service,eu-west-1,backend,161,423,release/2.1,manual,0,0,0,173,0.0,ana.martinez,1,
204063e9-5a0d-0fd3-d3d7-12c7b6c08137,2025-02-06T22:02:21.030962,deployment,cancelled,dev,analytics-service,sa-east-1,infra,121,424,develop,webhook,0,0,0,162,0.0,pablo.ramos,1,
1daa65d0-5791-1276-2229-3f126883bb89,2024-12-10T17:20:48.980068,build,success,dev,order-service,us-east-1,frontend,371,425,feature/auth-v2,merge_request,0,374,349,325,145.35,carlos.lopez,0,
49ae18ba-b621-ef8a-da6d-7101192a9811,2025-02-15T14:42:00.974994,build,success,staging,payment-service,us-east-1,platform,451,426,develop,merge_request,0,493,479,452,534.39,pablo.ramos,0,
1be15175-3d2d-496d-d6b0-7d3a8402ca27,2024-12-11T21:33:11.824692,deployment,success,dev,api-gateway,us-east-1,backend,74,427,main,merge_request,0,0,0,70,0.0,maria.garcia,1,
be6df398-ec0a-eb8e-5664-1e6e9524b839,2024-11-21T17:08:55.266271,deployment,failed,dev,notification-service,us-east-1,backend,290,428,main,merge_request,2,0,0,243,0.0,elena.torres,0,timeout
90286d3b-4677-b47f-845a-a20bf0a10153,2025-02-14T09:16:34.991549,pipeline,success,dev,analytics-service,sa-east-1,infra,594,429,feature/auth-v2,webhook,0,417,386,742,428.26,david.sanchez,0,
4c16790e-1e8a-5a95-0bbe-9886c3f190e3,2025-02-05T13:36:16.818052,pipeline,success,production,user-service,ap-south-1,platform,807,430,develop,webhook,0,484,450,729,776.42,lucia.fernandez,0,
7da4e89a-5105-ee09-2cd7-8768ea405960,2024-12-18T06:28:08.501260,deployment,success,dev,order-service,ap-south-1,infra,197,431,feature/auth-v2,schedule,0,0,0,281,0.0,pablo.ramos,0,
2e95c86d-093d-99d5-32ee-981c3001ab95,2024-11-24T06:22:41.556291,deployment,success,production,user-service,us-east-1,infra,230,432,feature/auth-v2,schedule,0,0,0,196,0.0,ana.martinez,0,
75a017de-5f0c-b7c9-1d30-21d41bc9d4bf,2025-02-13T16:20:51.504087,deployment,success,production,payment-service,us-east-1,frontend,271,433,hotfix/critical,schedule,0,0,0,377,0.0,david.sanchez,0,
10a2eb1d-89fc-93f3-33be-b8e4b456640d,2025-01-01T19:35:15.094510,build,success,production,inventory-service,us-east-1,frontend,539,434,feature/payment-fix,webhook,0,476,439,482,23.18,pablo.ramos,0,
3922f828-bb51-4d11-f183-ab9f4b4bb772,2025-01-12T12:00:29.444117,pipeline,success,dev,auth-service,us-east-1,platform,714,435,feature/payment-fix,merge_request,0,62,60,728,361.04,ana.martinez,0,
f5a7c3cc-4d59-1c32-55fe-1bf80055ecf7,2025-02-12T18:34:01.675167,pipeline,success,dev,notification-service,sa-east-1,infra,520,436,feature/auth-v2,webhook,0,209,206,706,451.58,david.sanchez,0,
2cda0a27-26b3-36c4-e093-dde0c5e40283,2025-02-08T13:44:49.686431,pipeline,success,staging,api-gateway,us-east-1,backend,781,437,hotfix/critical,merge_request,0,447,443,725,603.56,ana.martinez,0,
21077dcd-88d5-bf8f-4213-6d802ce0fb50,2024-12-23T08:33:08.035055,pipeline,success,dev,notification-service,us-east-1,frontend,586,438,develop,merge_request,0,97,90,564,657.22,lucia.fernandez,0,
e1546cb5-4f9e-4a90-022a-60f23f591642,2025-01-18T00:27:06.951229,build,success,dev,analytics-service,ap-south-1,backend,375,439,feature/payment-fix,merge_request,0,224,211,323,637.88,carlos.lopez,0,
b8667e9c-6f49-12ff-3a0a-cb67947768f2,2025-01-03T21:34:29.965930,deployment,success,dev,user-service,us-east-1,frontend,107,440,hotfix/critical,merge_request,0,0,0,98,0.0,lucia.fernandez,1,
1ecf4417-9307-5e86-8157-6e724e912622,2025-01-04T16:09:54.527378,pipeline,success,dev,payment-service,ap-south-1,frontend,164,441,release/2.1,schedule,0,229,225,140,185.3,jose.rodriguez,1,
66f5260d-ee01-24f6-55c6-1ea7f5f0c132,2025-01-08T11:18:35.561212,build,success,dev,notification-service,eu-west-1,frontend,310,442,hotfix/critical,webhook,0,365,338,340,177.59,lucia.fernandez,1,
56262cb5-268a-7c25-3bfd-293bfa74012e,2024-11-30T14:17:18.851238,build,success,dev,user-service,eu-west-1,frontend,457,443,feature/payment-fix,schedule,0,349,323,601,349.98,pablo.ramos,0,
3d0f71a5-c86e-68d9-2766-b4a554716fb1,2024-12-03T12:27:19.495900,build,failed,dev,notification-service,us-east-1,frontend,370,444,feature/payment-fix,merge_request,1,245,17,504,633.2,maria.garcia,0,infra_error
4fcbb2b8-77ee-803c-7ba5-875ff50f411d,2025-01-30T16:08:02.936886,pipeline,success,staging,analytics-service,eu-west-1,platform,161,445,develop,webhook,0,331,310,223,356.97,david.sanchez,1,
40704e6a-4cfe-3f87-9813-997f77290af7,2024-11-28T02:15:47.404532,build,success,production,api-gateway,sa-east-1,frontend,469,446,feature/auth-v2,merge_request,0,118,113,592,647.7,david.sanchez,0,
38f3dd3a-3629-8341-4261-c3e1c1cc4dc9,2025-02-10T12:02:57.755580,deployment,failed,dev,payment-service,us-east-1,platform,262,447,main,merge_request,0,0,0,383,0.0,maria.garcia,0,config_error
b65c5f8e-f347-175a-842e-4b276a58c170,2025-02-07T02:56:26.493269,build,success,dev,order-service,eu-west-1,infra,137,448,hotfix/critical,merge_request,0,303,284,141,698.38,lucia.fernandez,1,
f8cb1c14-a773-587e-11b2-77d379ced7f1,2025-01-01T14:31:13.172402,build,success,production,notification-service,sa-east-1,infra,403,449,develop,merge_request,0,174,172,427,366.29,elena.torres,0,
2461dc9e-7e34-82e2-38b2-9cd346d9532b,2025-01-29T11:57:06.593232,build,failed,production,notification-service,eu-west-1,frontend,91,450,hotfix/critical,webhook,0,137,35,115,385.36,jose.rodriguez,1,timeout
4df5d7dc-9ee5-a48e-f117-2355fb9dcc54,2025-02-06T17:05:47.883748,build,success,production,inventory-service,eu-west-1,infra,323,451,feature/auth-v2,merge_request,0,494,474,476,534.65,david.sanchez,1,
b6f1c634-65e6-b83f-a6a2-777c659e4b65,2025-01-13T10:08:51.907099,build,failed,staging,order-service,sa-east-1,infra,79,452,hotfix/critical,merge_request,0,191,163,107,334.48,elena.torres,1,config_error
c3e27653-c144-3968-2fa2-fe778b6e3dfc,2025-01-18T14:38:09.316003,deployment,failed,staging,api-gateway,eu-west-1,backend,149,453,feature/auth-v2,merge_request,2,0,0,134,0.0,david.sanchez,1,test_failure
cd1d817d-e90d-6447-eb21-6e2c823747f7,2025-01-22T16:47:37.767843,build,success,dev,notification-service,sa-east-1,infra,306,454,release/2.1,schedule,0,352,340,423,184.11,ana.martinez,1,
b6b2b343-faa6-dc81-1adb-8f94d0e0509c,2024-12-11T14:22:03.864364,pipeline,success,production,order-service,ap-south-1,platform,410,455,develop,merge_request,0,86,81,610,263.94,carlos.lopez,1,
799b9260-739b-d98a-733c-f804e78bf9ff,2024-12-31T09:13:33.869328,build,success,dev,payment-service,ap-south-1,backend,450,456,main,merge_request,0,475,462,612,512.7,lucia.fernandez,0,
bdb9eb2e-643f-badb-c508-e574f1ef23c4,2024-11-28T05:37:28.302148,build,success,dev,payment-service,ap-south-1,infra,337,457,release/2.1,webhook,0,83,78,447,547.37,lucia.fernandez,0,
65efe3e0-3b5a-c497-5492-5aab33d9b49b,2025-01-28T18:14:56.081463,pipeline,success,staging,inventory-service,us-east-1,platform,894,458,hotfix/critical,webhook,0,223,219,772,593.03,carlos.lopez,0,
c1cba261-fd8f-7e14-051f-4c3076571563,2025-01-14T13:08:54.055714,build,success,dev,notification-service,eu-west-1,backend,404,459,release/2.1,webhook,0,230,219,326,583.48,david.sanchez,0,
13e428a5-8197-3d7e-6107-2ddcd78c7413,2025-01-02T11:53:22.622323,deployment,success,dev,user-service,ap-south-1,backend,131,460,feature/payment-fix,manual,0,0,0,183,0.0,maria.garcia,1,
ba5eb56a-f6d5-feed-6b90-1dd4768da44e,2024-12-03T09:17:04.304860,build,success,dev,api-gateway,us-east-1,frontend,79,461,main,manual,0,64,63,104,598.55,carlos.lopez,1,
549c4f47-1b13-ebed-4cd2-f025cfcce499,2024-12-29T15:54:12.126494,build,success,production,api-gateway,eu-west-1,infra,256,462,main,webhook,0,402,385,308,634.47,david.sanchez,1,
b8cb8754-a63d-3d24-891e-15d797f2fa9c,2024-12-01T11:09:01.793564,pipeline,success,dev,auth-service,ap-south-1,infra,420,463,release/2.1,manual,0,80,76,515,657.34,david.sanchez,1,
cc01007f-0672-33e6-fee3-f39c1b6479fe,2025-01-25T03:57:33.777822,build,success,dev,analytics-service,eu-west-1,platform,336,464,develop,manual,0,456,443,384,282.32,ana.martinez,0,
e7e25e07-290c-6521-cf8e-15b170be2044,2024-12-31T09:28:12.722912,build,success,production,api-gateway,eu-west-1,backend,308,465,feature/payment-fix,webhook,0,239,234,425,174.79,carlos.lopez,1,
bf4595ac-918c-a35f-175a-cbcd591111c9,2025-01-05T18:20:23.497574,build,success,dev,analytics-service,ap-south-1,backend,435,466,hotfix/critical,webhook,0,380,377,571,455.68,david.sanchez,0,
1d3457a5-508d-c251-85f9-6a5a054719b7,2025-01-20T10:15:37.662488,pipeline,success,dev,user-service,sa-east-1,backend,257,467,main,merge_request,0,248,234,312,717.45,lucia.fernandez,1,
fb49e249-4675-ee43-e018-89d8bf36bec5,2025-01-18T14:41:20.251417,build,success,staging,analytics-service,eu-west-1,frontend,137,468,develop,merge_request,0,374,349,145,702.32,david.sanchez,1,
0709654a-cf92-8052-e907-79f98f7605a8,2024-11-27T18:17:05.770731,deployment,success,dev,inventory-service,us-east-1,platform,153,469,hotfix/critical,webhook,0,0,0,136,0.0,ana.martinez,1,
b64b0167-5b8d-9ff1-855f-a6c41fa8e401,2024-11-19T17:00:41.553563,build,success,dev,api-gateway,ap-south-1,platform,475,470,develop,webhook,0,52,51,566,88.49,jose.rodriguez,0,
b105e86f-d252-209d-c58d-29ad4bf97451,2024-11-19T11:33:02.945324,deployment,success,staging,analytics-service,us-east-1,backend,191,471,feature/auth-v2,schedule,0,0,0,177,0.0,maria.garcia,0,
1d18b57d-e5d5-09d3-ac72-42d1ec5ff7f1,2024-12-20T05:35:50.679155,build,success,dev,auth-service,ap-south-1,frontend,434,472,feature/payment-fix,webhook,0,211,208,425,389.67,david.sanchez,0,
791a363c-f52b-2679-54bf-387c66dac29b,2024-12-02T19:41:48.956254,pipeline,success,production,auth-service,sa-east-1,platform,130,473,feature/payment-fix,manual,0,482,481,146,632.55,maria.garcia,1,
5d722aa4-8453-a3c4-bcb1-1c6581afbf19,2025-01-30T08:11:14.214521,pipeline,success,staging,inventory-service,ap-south-1,infra,770,474,release/2.1,webhook,0,79,74,1052,691.72,david.sanchez,0,
d2672dd2-f94c-a96d-67d7-4a1b15ccaf18,2025-01-30T02:13:37.183746,pipeline,success,production,order-service,ap-south-1,platform,323,475,feature/payment-fix,manual,0,206,197,271,459.11,pablo.ramos,1,
f25c5b61-92ab-c240-71e5-ff7bdea381c4,2025-02-10T12:27:52.732913,pipeline,success,staging,auth-service,ap-south-1,backend,382,476,release/2.1,manual,0,421,395,427,454.45,pablo.ramos,1,
6b4ba50e-be07-4117-119f-55ec24f1f250,2025-01-11T07:27:17.003862,deployment,success,dev,inventory-service,us-east-1,infra,159,477,release/2.1,webhook,0,0,0,199,0.0,elena.torres,1,
2c022502-6ac5-5b60-6259-91833f148d86,2025-02-14T09:56:03.133335,deployment,success,production,analytics-service,us-east-1,frontend,115,478,feature/payment-fix,merge_request,0,0,0,163,0.0,elena.torres,1,
2c8bc013-bd73-f1a9-6bb8-9e7f095cddc9,2024-11-26T23:39:59.974056,pipeline,success,dev,notification-service,eu-west-1,platform,301,479,feature/auth-v2,manual,0,471,457,357,224.84,carlos.lopez,1,
dd8711b8-926d-3b11-9238-d42470e29050,2024-11-24T21:32:38.045388,build,success,production,inventory-service,ap-south-1,backend,81,480,develop,merge_request,0,392,364,95,43.08,jose.rodriguez,1,
9fc3f63e-db6d-2b6e-645d-e80b5d03e7ed,2025-02-13T21:48:32.319014,build,success,dev,order-service,ap-south-1,backend,221,481,feature/payment-fix,webhook,0,264,258,296,722.66,maria.garcia,1,
e1dafc4a-22f8-2351-12a7-c627a8c4cee7,2024-12-08T06:39:39.646036,deployment,success,dev,user-service,ap-south-1,platform,202,482,develop,webhook,0,0,0,242,0.0,carlos.lopez,0,
cbbdf150-361b-07d1-acc1-e90f08b01c52,2025-01-31T09:43:48.843134,pipeline,success,dev,user-service,sa-east-1,backend,815,483,develop,merge_request,0,362,341,960,357.93,ana.martinez,0,
30116074-7a8c-6649-b955-bbf526e7b01c,2025-02-15T20:08:11.656456,deployment,success,dev,inventory-service,us-east-1,infra,249,484,feature/payment-fix,manual,0,0,0,347,0.0,maria.garcia,0,
79475fb2-de2f-23e1-4844-b2b8bc2e7390,2025-02-13T23:47:57.883949,pipeline,success,staging,notification-service,us-east-1,infra,809,485,develop,webhook,0,209,201,1045,35.46,jose.rodriguez,0,
2253979d-2532-0ec2-31d5-0efc3ae67cd8,2025-01-27T11:56:21.207485,pipeline,success,staging,notification-service,us-east-1,infra,600,486,feature/payment-fix,merge_request,0,407,393,738,795.58,ana.martinez,0,
1cf6576b-c0ab-f49c-6208-72056d543c27,2025-01-15T12:15:06.083867,deployment,success,staging,payment-service,sa-east-1,backend,280,487,hotfix/critical,webhook,0,0,0,363,0.0,jose.rodriguez,0,
e9d67dd8-8ed0-1e9a-a294-3ddb0e56c82a,2025-02-05T01:58:57.972403,deployment,success,production,inventory-service,ap-south-1,frontend,295,488,main,merge_request,0,0,0,271,0.0,elena.torres,0,
a3c96b14-aa50-9b97-179c-e6a4285168f4,2025-02-07T04:34:14.627603,build,success,production,payment-service,eu-west-1,platform,419,489,feature/payment-fix,merge_request,0,74,70,393,237.49,carlos.lopez,0,
3d5054ea-96f0-c985-2ef2-e7725c736f7d,2024-12-06T20:54:38.295588,build,success,dev,notification-service,sa-east-1,backend,70,490,hotfix/critical,merge_request,0,290,289,68,670.37,ana.martinez,1,
0672b916-f598-8b28-5a52-76d91cc6e410,2024-12-21T23:37:15.723317,build,success,dev,inventory-service,us-east-1,backend,111,491,feature/payment-fix,webhook,0,481,457,162,479.18,ana.martinez,1,
4ddf7db2-f3b7-80f1-2c9c-92bb2510e108,2024-12-26T00:10:19.115604,build,success,dev,inventory-service,us-east-1,infra,424,492,feature/payment-fix,webhook,0,141,138,459,790.25,maria.garcia,0,
7f3fee3d-e227-a0e0-2fc1-355a62f2de5d,2024-11-30T16:03:53.721049,build,success,staging,user-service,us-east-1,infra,474,493,develop,webhook,0,105,103,563,133.75,jose.rodriguez,0,
3ae2848d-291d-4292-176b-aad160900c69,2025-01-23T22:32:24.360200,build,success,staging,notification-service,ap-south-1,infra,445,494,feature/payment-fix,merge_request,0,145,138,390,327.1,pablo.ramos,0,
9aed73aa-94e7-9dc4-0e95-409cbf06d9eb,2025-01-22T09:51:50.792885,pipeline,success,dev,analytics-service,sa-east-1,infra,855,495,feature/payment-fix,webhook,0,211,203,1113,548.98,lucia.fernandez,0,
23c68dfd-c5e3-680c-a1c4-4f75f613db02,2024-12-12T08:58:44.357365,deployment,success,dev,analytics-service,us-east-1,infra,210,496,release/2.1,schedule,0,0,0,287,0.0,ana.martinez,0,
051a94bb-ae42-f64f-9308-e19869a743cb,2024-12-14T16:35:09.858095,build,success,production,api-gateway,sa-east-1,backend,207,497,hotfix/critical,webhook,0,453,419,242,253.5,carlos.lopez,1,
f3f2ef31-7c0a-6c72-3a66-bdcaed57269c,2025-01-12T04:25:26.729179,build,success,dev,user-service,eu-west-1,infra,524,498,release/2.1,merge_request,0,249,247,609,56.71,lucia.fernandez,0,
9f85d1fe-e17f-602f-4df8-007e0358a156,2024-12-20T06:48:57.333667,build,success,dev,auth-service,ap-south-1,infra,414,499,feature/auth-v2,merge_request,0,477,440,569,590.08,carlos.lopez,0,
